id,label,component,louvain_comm,fstgrdy_comm,deg_cent,wtd_deg_cent,eigen_cent,page_rank,auth_score,hub_score,k_core
crow,crow,1,5,9,3,1.1018892682511903,0.020224806250658624,0.003054740232317747,0.020224806250658613,0.020224806250658613,3
german,german,1,8,6,6,1.3192140238709267,0.043056091371011636,0.00362437632168028,0.04305609137101167,0.04305609137101167,4
corp,corp,1,4,4,9,1.5564028870563842,0.024903900040530568,0.004695688202172803,0.024903900040530662,0.024903900040530662,5
west,west,1,1,1,5,1.1385842887813575,0.06799596602401509,0.003211727864446615,0.06799596602401509,0.06799596602401509,4
win,win,1,2,3,11,1.8654848652162332,0.29230387310849726,0.004416409340763186,0.29230387310849704,0.29230387310849704,8
divide,divide,1,9,2,6,1.420230993178787,0.016526508991040474,0.004053127092490396,0.016526508991040474,0.016526508991040474,4
force,force,1,4,4,12,1.8091175472551555,0.1320166674908366,0.004544780411387297,0.13201666749083654,0.13201666749083654,7
north,north,1,1,1,20,3.223226525110763,0.3675511271799564,0.0073405186188904275,0.367551127179956,0.367551127179956,8
white,white,1,2,3,64,9.897032106704312,0.9999999999999999,0.021489599668137453,1,1,9
ride,ride,1,3,1,7,1.2529005423380355,0.10995224229475194,0.003274379643146982,0.10995224229475196,0.10995224229475196,6
defense,defense,1,7,8,10,1.8685714283320656,0.026878347031078314,0.005195667961008798,0.026878347031078335,0.026878347031078335,5
company,company,1,4,4,8,1.2303702380224502,0.027046750600736327,0.0037243882286185272,0.027046750600736386,0.027046750600736386,5
service,service,1,4,4,13,1.8678693979987468,0.06390521156069913,0.004898077882690786,0.06390521156069935,0.06390521156069935,6
child,child,1,7,8,6,0.8981953069332331,0.003618080424817583,0.002888844764091184,0.003618080424817651,0.003618080424817651,5
south,south,1,1,1,47,7.163621359446805,0.7388983991466708,0.015675219276538022,0.7388983991466701,0.7388983991466701,9
uniform,uniform,1,9,7,12,1.6220041203828035,0.0870741061689768,0.004235072941436239,0.08707410616897679,0.08707410616897679,6
low,low,1,4,4,5,0.7688461448862152,0.0819538831722628,0.0022151873075625162,0.0819538831722628,0.0819538831722628,4
equal,equal,1,2,3,26,3.6203851343395788,0.3721442535519631,0.00817420576610888,0.37214425355196307,0.37214425355196307,9
negro,negro,1,2,3,54,8.480702250054014,0.8941754377892085,0.017770057731610382,0.8941754377892086,0.8941754377892086,9
commissioned,commissioned,1,4,4,12,1.6284549766777872,0.042912280536175414,0.004891128369293846,0.04291228053617559,0.04291228053617559,5
life,life,1,7,3,15,2.2419597095059878,0.2715835732425001,0.005007490832717411,0.27158357324250015,0.27158357324250015,9
creed,creed,1,2,3,11,1.6661118804269495,0.13772060980818504,0.003970122143045634,0.13772060980818512,0.13772060980818512,7
wife,wife,1,7,8,9,1.6488158087387121,0.012751906274357712,0.0052164940360670065,0.012751906274357797,0.012751906274357797,5
war,war,1,2,3,35,5.7356097866428915,0.6547622746026831,0.012267135154631455,0.6547622746026831,0.6547622746026831,9
lord,lord,1,2,2,7,1.0085730196879297,0.010187007173434163,0.003142579453334835,0.010187007173434254,0.010187007173434254,4
furlough,furlough,1,1,8,9,1.3390392732602394,0.03349340281923349,0.0035758800546787177,0.03349340281923353,0.03349340281923353,6
military-police,military-police,1,1,1,8,1.1424769626885918,0.08763696112148561,0.003142902829598993,0.0876369611214856,0.0876369611214856,5
camp,camp,1,1,1,31,4.34803838225052,0.27663645406926907,0.01059038570158571,0.2766364540692688,0.2766364540692688,8
sick,sick,1,6,5,6,1.0311634090328705,0.0018755709906948751,0.004107950657434471,0.0018755709906949569,0.0018755709906949569,3
speech,speech,1,2,3,7,1.1758819385064083,0.1263501598606998,0.002762138329072339,0.1263501598606998,0.1263501598606998,7
fall,fall,1,9,2,10,1.6613323353666585,0.04367362366487978,0.004552798986497275,0.043673623664879806,0.043673623664879806,5
worth,worth,1,6,5,1,0.26558682357929864,0.0014041922059693011,0.0014170865938023874,0.0014041922059693077,0.0014041922059693077,1
field,field,1,6,6,6,0.8765074082507104,0.011934550993706062,0.002814450747480088,0.011934550993706139,0.011934550993706139,4
express,express,1,7,7,4,0.6451155340153993,0.02383205929548078,0.002203264586429137,0.023832059295480802,0.023832059295480802,3
discrimination,discrimination,1,2,3,21,2.73847354130734,0.21797582613663044,0.006284049158768162,0.21797582613663052,0.21797582613663052,7
fight,fight,1,2,3,48,7.118754647565924,0.7540403222635454,0.014777913926825767,0.7540403222635457,0.7540403222635457,9
bus,bus,1,3,1,26,4.270935330078365,0.27448145050244604,0.010704622703169426,0.274481450502446,0.274481450502446,8
military,military,1,6,1,5,0.7418039378476415,0.010204922653550172,0.002488363020334635,0.010204922653550228,0.010204922653550228,4
sleep,sleep,1,3,5,4,0.701632614942555,0.0018309286852173816,0.0029612090796357926,0.0018309286852173996,0.0018309286852173996,3
dog,dog,1,1,3,4,0.581490520750694,0.11660420262880862,0.0015875922620299254,0.11660420262880856,0.11660420262880856,4
color,color,1,2,3,29,4.275478371773003,0.5433582486391104,0.009081817665531601,0.5433582486391096,0.5433582486391096,9
transport,transport,1,1,1,11,1.5478233933294425,0.11970080134696957,0.0037902759989955695,0.11970080134696967,0.11970080134696967,7
black-man,black-man,1,1,3,43,6.294311396924108,0.6839794936012966,0.013419995851495978,0.6839794936012966,0.6839794936012966,9
serviceclub,serviceclub,1,3,1,4,0.5908492283616955,0.013157193645925738,0.002140680999916323,0.01315719364592579,0.01315719364592579,3
doctor,doctor,1,6,5,4,0.7843960201758038,5.18639854379056e-4,0.003274900899422287,5.186398543790962e-4,5.186398543790962e-4,3
country,country,1,2,3,36,5.200908869955548,0.5671666661198357,0.010942332473260683,0.5671666661198352,0.5671666661198352,9
teach,teach,1,4,4,4,0.56165744221876035,0.003289779916507538,0.002008379810473283,0.0032897799165075995,0.0032897799165075995,3
democracy,democracy,1,2,3,28,3.72812362355564,0.2713477523064924,0.008857804640450042,0.27134775230649266,0.27134775230649266,9
right,right,1,2,3,14,2.2116813839938803,0.31025085395597085,0.004763152562851024,0.3102508539559704,0.3102508539559704,9
pray,pray,1,2,2,6,1.0300969148636407,0.028656819917900617,0.0031053465935068393,0.028656819917900728,0.028656819917900728,4
town,town,1,1,1,17,2.5494709214807885,0.16789581908376947,0.005973222219870583,0.1678958190837695,0.1678958190837695,7
volunteer,volunteer,1,4,4,5,0.7265962584047554,0.005223205049399825,0.0025230743738527644,0.005223205049399879,0.005223205049399879,4
marry,marry,1,7,8,11,1.6486390151651422,0.010297067445320699,0.005197159092663779,0.010297067445320818,0.010297067445320818,5
hope,hope,1,2,3,12,1.6875897298684344,0.16724533597645275,0.004139542082027132,0.16724533597645264,0.16724533597645264,8
complete,complete,1,9,2,3,0.41717896297189183,0.005002252805099243,0.0016178504968681522,0.005002252805099275,0.005002252805099275,3
sit,sit,1,3,1,8,1.190820545845861,0.09318058982933818,0.003184482570440994,0.09318058982933822,0.09318058982933822,5
plant,plant,1,7,8,8,1.3428998392441571,0.022961755725095814,0.003748996222713308,0.022961755725095897,0.022961755725095897,5
qualify,qualify,1,4,4,7,1.0658709644168975,0.026295217748692593,0.0030835761589971854,0.026295217748692652,0.026295217748692652,5
pass,pass,1,1,1,10,1.4775708756057178,0.04362645539902835,0.003954681155475145,0.04362645539902844,0.04362645539902844,6
air,air,1,4,4,7,1.509180417825647,0.019286633718827016,0.004476075751657908,0.019286633718827058,0.019286633718827058,5
people,people,1,2,3,27,3.9438231591029393,0.5554967417529738,0.00823241470407239,0.5554967417529736,0.5554967417529736,9
money,money,1,7,8,8,1.0368981444374576,0.009659116478798782,0.0032083694213067763,0.009659116478798855,0.009659116478798855,5
treat,treat,1,1,3,22,3.350276067339917,0.4547718813290145,0.007663248566667683,0.45477188132901436,0.45477188132901436,9
cloth,cloth,1,3,5,1,0.19480831244082586,2.7427911782935903e-5,0.0018928832096867336,2.7427911782951228e-5,2.7427911782951228e-5,1
trust,trust,1,2,3,4,0.552651116130543,0.023035110254629308,0.0017657455226043645,0.02303511025462935,0.02303511025462935,4
east,east,1,1,1,7,1.3379106386411854,0.06781722478347829,0.003840992924961811,0.06781722478347825,0.06781722478347825,4
branch,branch,1,4,4,8,1.260762368773032,0.01413722503340932,0.003752398916288017,0.014137225033409407,0.014137225033409407,4
police,police,1,1,1,11,1.695696689119063,0.10005541664612916,0.004445605645564191,0.10005541664612917,0.10005541664612917,6
job,job,1,7,8,9,1.2632140021625773,0.09730387739257279,0.003329992744537185,0.09730387739257285,0.09730387739257285,5
medic,medic,1,6,5,5,0.8018118294153392,0.0017761638690367587,0.003129802860731699,0.001776163869036813,0.001776163869036813,3
die,die,1,2,3,14,1.8207943787068672,0.18237398170332722,0.004152465802558248,0.18237398170332741,0.18237398170332741,7
office,office,1,4,4,32,4.782714015039602,0.3357515085114023,0.012085762829399759,0.3357515085114028,0.3357515085114028,8
mechanic,mechanic,1,4,4,6,0.903590921602205,0.006313527865749364,0.0029697847430072088,0.006313527865749426,0.006313527865749426,5
age,age,1,7,8,9,1.336189977360018,0.013924797062423005,0.003934931209387582,0.013924797062423137,0.013924797062423137,5
family,family,1,7,8,7,0.9416512630114015,0.03317300450103813,0.0027090402673251293,0.033173004501038154,0.033173004501038154,5
captain,captain,1,4,4,6,0.8430883822434763,0.017040224583838793,0.0030649069499091852,0.017040224583838855,0.017040224583838855,5
command,command,1,4,4,7,1.1308708484434151,0.032038718424599544,0.0034991427974470617,0.03203871842459958,0.03203871842459958,5
blood,blood,1,2,3,15,1.9786165441084862,0.13348498007237006,0.004647133974871764,0.13348498007237022,0.13348498007237022,8
chance,chance,1,7,3,19,2.543602333672364,0.32427030463007345,0.005899098152696364,0.32427030463007334,0.32427030463007334,9
seat,seat,1,3,1,9,1.3934790968497421,0.07540518314535213,0.003995601357200706,0.0754051831453521,0.0754051831453521,6
citizen,citizen,1,2,3,16,2.250260879522672,0.210293245157672,0.005386570121789813,0.21029324515767198,0.21029324515767198,9
race,race,1,2,3,35,5.185081401416783,0.5385298352186059,0.011219342366774169,0.5385298352186058,0.5385298352186058,9
promotion,promotion,1,4,4,7,0.9695177431027004,0.02617559927945944,0.0030781702523138034,0.026175599279459463,0.026175599279459463,5
land,land,1,2,3,9,1.1739999466499407,0.0410675172137921,0.003026746382988964,0.04106751721379216,0.04106751721379216,7
god,god,1,2,3,23,2.981390577213857,0.23419919797358418,0.0069597617876450526,0.23419919797358446,0.23419919797358446,8
combat,combat,1,6,6,10,1.3176933987914403,0.05736710408686912,0.004029213614366145,0.05736710408686918,0.05736710408686918,5
washington,washington,1,9,2,10,1.2655933712864493,0.026830993062423914,0.003750913956385994,0.02683099306242404,0.02683099306242404,5
rate,rate,1,4,4,7,0.9997414434405875,0.015449225000543092,0.0032182889540071594,0.015449225000543196,0.015449225000543196,5
front,front,1,3,6,10,1.3025225889314744,0.05086649968433226,0.003637663105339116,0.05086649968433239,0.05086649968433239,5
rank,rank,1,4,4,9,1.1916517173106231,0.04270180428977572,0.0032420115418313636,0.042701804289775776,0.042701804289775776,5
fair,fair,1,7,3,10,1.3445813254331755,0.13562594257372673,0.0040914439347194695,0.1356259425737267,0.1356259425737267,7
post-exchange,post-exchange,1,3,1,4,0.6559301913512924,0.019021065795992255,0.0022090587254678562,0.019021065795992293,0.019021065795992293,3
soldier,soldier,1,1,1,34,4.637064679256285,0.4427764324702815,0.01031461072668206,0.4427764324702813,0.4427764324702813,9
freedom,freedom,1,2,3,9,1.386970969623823,0.15454092386940832,0.0031841678242951242,0.15454092386940826,0.15454092386940826,7
love,love,1,2,2,13,1.7378129569028935,0.09211859945937664,0.004548282525701302,0.0921185994593768,0.0921185994593768,7
practice,practice,1,2,4,8,1.0830370072641422,0.04332428030835781,0.002959441831644384,0.04332428030835795,0.04332428030835795,6
month,month,1,1,8,16,2.114611895877583,0.06021690834264473,0.005694784917053727,0.06021690834264488,0.06021690834264488,7
live,live,1,2,3,23,3.106033792401399,0.34077399720605633,0.0067902241374442306,0.3407739972060562,0.3407739972060562,9
day,day,1,1,1,14,1.7932625363487458,0.07752272679831596,0.0046235078352986955,0.07752272679831598,0.07752272679831598,7
paper,paper,1,3,6,9,1.1626146122306924,0.017199880243834356,0.003689921192622401,0.017199880243834446,0.017199880243834446,5
return,return,1,9,6,11,1.4326657002004581,0.02692564195883699,0.004665790246830517,0.0269256419588371,0.0269256419588371,5
lynch,lynch,1,2,9,12,1.598769385743499,0.1263678278418079,0.0038317117903018004,0.12636782784180792,0.12636782784180792,7
spend,spend,1,1,8,10,1.2549312116861744,0.03352492988157378,0.003598367614566973,0.033524929881573844,0.033524929881573844,5
capable,capable,1,4,4,7,0.9312066999822076,0.02596900028357608,0.0029726618189297063,0.025969000283576123,0.025969000283576123,4
oversea,oversea,1,7,6,8,0.9917359856255761,0.026125414015037613,0.002888272338992945,0.026125414015037658,0.026125414015037658,5
lieutenant,lieutenant,1,4,4,9,1.2083754303711431,0.14799429120381083,0.003229547115811615,0.14799429120381083,0.14799429120381083,6
damn,damn,1,6,5,4,0.6507332936927126,0.017341714414473092,0.002667179888128489,0.0173417144144731,0.0173417144144731,3
true,true,1,2,3,12,1.5047022154344858,0.09954492392779789,0.004242496997781731,0.09954492392779796,0.09954492392779796,7
free,free,1,2,3,13,1.6438701125681374,0.13986734765635792,0.003902827924656455,0.13986734765635794,0.13986734765635794,7
ability,ability,1,4,4,14,1.8506967863879562,0.08649412658073004,0.004973503525035664,0.08649412658073012,0.08649412658073012,6
white-man,white-man,1,2,3,17,2.5060789667578818,0.40814003019269957,0.005610029292130915,0.4081400301926994,0.4081400301926994,9
mother,mother,1,7,8,4,0.5683809947929399,0.009566447711875108,0.001893712720539828,0.009566447711875125,0.009566447711875125,4
home,home,1,7,8,24,3.218282534308404,0.12966719649258884,0.008130939924979414,0.12966719649258915,0.12966719649258915,7
battle,battle,1,6,6,8,1.160075401795414,0.03837938724428086,0.003353701361057008,0.038379387244280895,0.038379387244280895,5
school,school,1,4,4,11,1.3459006536090805,0.025397651405009644,0.004045650700174495,0.025397651405009804,0.025397651405009804,5
army,army,1,7,8,20,2.668521112019649,0.1321286690770206,0.006766944290333036,0.13212866907702045,0.13212866907702045,7
time,time,1,1,1,17,2.191923747378043,0.12071786229943687,0.005416832077258328,0.12071786229943691,0.12071786229943691,7
duty,duty,1,6,6,7,0.9015770949257398,0.020866977313830866,0.002918359625273859,0.02086697731383089,0.02086697731383089,4
stop,stop,1,2,3,11,1.392953247102787,0.2014094803264586,0.0031462937948860165,0.20140948032645845,0.20140948032645845,7
arm,arm,1,4,4,3,0.7315889631511716,0.02239543462324091,0.0021959652909677814,0.022395434623240906,0.022395434623240906,3
opportunity,opportunity,1,4,4,15,1.898788718158426,0.12018162849528925,0.004943579549743909,0.12018162849528922,0.12018162849528922,7
wear,wear,1,9,7,3,0.5857925942972297,0.019502606528484328,0.0017870179789791652,0.01950260652848434,0.01950260652848434,3
morale,morale,1,4,4,18,2.3574007797277887,0.16210070046713101,0.0064601666809604346,0.162100700467131,0.162100700467131,7
civilian,civilian,1,1,1,15,1.9300579968784437,0.17670915989393213,0.004692877568031423,0.17670915989393213,0.17670915989393213,7
jim,jim,1,5,9,5,1.3320585779482739,0.05437759578295828,0.003578277485082467,0.05437759578295828,0.05437759578295828,3
spirit,spirit,1,1,1,4,0.4795760801862943,0.008693001632024204,0.0027588771755543617,0.008693001632024269,0.008693001632024269,2
week,week,1,1,1,7,0.9227151661993276,0.016280978956760044,0.0028740037920851314,0.016280978956760075,0.016280978956760075,5
hell,hell,1,2,3,11,1.3635373239831743,0.15975292847503808,0.00403770618879244,0.1597529284750381,0.1597529284750381,6
separate,separate,1,2,3,8,1.057753674700178,0.14990766862466615,0.0028400371691389564,0.14990766862466604,0.14990766862466604,6
feel,feel,1,7,3,19,2.236979483446673,0.24088874386159503,0.005227750996391265,0.24088874386159476,0.24088874386159476,9
sundai,sundai,1,1,1,5,0.6154256418156937,0.006352321716754995,0.0021514081889246407,0.0063523217167550435,0.0063523217167550435,3
station,station,1,1,1,8,1.0586389334590691,0.08494866878772095,0.002786255276992669,0.08494866878772092,0.08494866878772092,6
division,division,1,4,4,4,0.5792481585005105,0.026656046122001297,0.001866047990344424,0.026656046122001308,0.026656046122001308,4
body,body,1,2,2,4,0.46678204252125516,0.012376993285093549,0.0016330331591420835,0.012376993285093592,0.012376993285093592,4
beat,beat,1,1,1,6,0.896717287266024,0.04256554373484612,0.002657924199877027,0.042565543734846174,0.042565543734846174,4
trouble,trouble,1,6,2,2,0.2583577160726466,3.3906871066793204e-4,0.0014711192749571405,3.390687106679648e-4,3.390687106679648e-4,2
allow,allow,1,4,4,10,1.305535966426195,0.03405516785470217,0.0035950743778370214,0.034055167854702244,0.034055167854702244,6
japan,japan,1,8,6,3,0.9379094443631781,0.015739878911835384,0.002662200343232189,0.015739878911835408,0.015739878911835408,3
respect,respect,1,2,3,8,0.9225010881663432,0.12234067535699103,0.0024590155866301318,0.12234067535699099,0.12234067535699099,6
matter,matter,1,2,4,8,0.9080680531510311,0.03295963542758815,0.0031968314484659595,0.032959635427588216,0.032959635427588216,4
enemies,enemies,1,8,6,9,1.0677782633323454,0.08365705445935565,0.003151567435178209,0.08365705445935565,0.08365705445935565,5
night,night,1,1,1,12,1.5142824073987404,0.030483186669248135,0.00453780258387482,0.030483186669248298,0.030483186669248298,6
nation,nation,1,2,3,17,2.091526407371372,0.1841573592230551,0.004739686641536653,0.18415735922305512,0.18415735922305512,8
come,come,1,9,5,2,0.25126957422885954,2.0287593058313514e-4,0.0014325831631034156,2.0287593058317387e-4,2.0287593058317387e-4,2
learn,learn,1,2,6,6,0.6930391548146226,0.04899198553400383,0.002336437401652652,0.048991985534003885,0.048991985534003885,5
troop,troop,1,4,4,17,2.081542687095937,0.15015550549868295,0.0050143371332759396,0.15015550549868315,0.15015550549868315,7
choose,choose,1,4,4,5,0.6477060818346534,0.005418462016725686,0.002291928926711463,0.005418462016725737,0.005418462016725737,4
bear,bear,1,1,1,6,0.6844956435240975,0.04768349308021558,0.002892195997224223,0.0476834930802156,0.0476834930802156,4
opinion,opinion,1,7,7,5,0.710572044462242,0.01709095514285482,0.002615973902591762,0.017090955142854886,0.017090955142854886,3
receive,receive,1,9,2,8,1.0291027023873291,0.030580570304944193,0.003295035716105031,0.030580570304944217,0.030580570304944217,4
fort,fort,1,1,1,3,0.38136822120074804,0.013037321941956526,0.0017752482219875981,0.013037321941956542,0.013037321941956542,2
bed,bed,1,3,5,4,0.5834369844371587,0.001948022652378754,0.0022801136556420414,0.001948022652378813,0.001948022652378813,3
improve,improve,1,8,4,8,0.8912102167362562,0.00822237861669485,0.003236572476564616,0.008222378616694948,0.008222378616694948,4
enlist,enlist,1,4,4,9,1.1389212607235981,0.028141927641015738,0.003506144525932647,0.028141927641015807,0.028141927641015807,5
stand,stand,1,9,2,8,1.2872657113052743,0.053977852520394685,0.003634693376758494,0.053977852520394706,0.053977852520394706,5
farm,farm,1,7,8,5,0.6176030966277538,0.009098241583023468,0.0020387016817412225,0.00909824158302351,0.00909824158302351,4
write,write,1,9,6,2,0.28413023878655025,0.0025812949768692045,0.001237404523452038,0.002581294976869224,0.002581294976869224,2
rotten,rotten,1,7,4,4,0.4791301871445473,0.019296926351078405,0.0018680807999909568,0.019296926351078433,0.019296926351078433,3
carry,carry,1,6,6,9,1.0604248196570967,0.020475766211670333,0.003254482077097728,0.020475766211670438,0.020475766211670438,5
pay,pay,1,7,8,5,0.6254270393358473,0.012737241153554719,0.002095011268760809,0.01273724115355477,0.01273724115355477,4
hous,hous,1,9,2,6,0.7608205614845029,0.004749046361785146,0.0026958396809226817,0.00474904636178522,0.00474904636178522,4
texas,texas,1,1,1,9,1.0843794646078009,0.016224326909721663,0.0043578729090654545,0.01622432690972179,0.01622432690972179,4
creat,creat,1,2,3,5,0.7305552571769808,0.06592655198946273,0.0019019468154363515,0.06592655198946273,0.06592655198946273,5
sign,sign,1,3,6,5,0.6089631585220308,0.009636484868779693,0.002053701473063235,0.009636484868779717,0.009636484868779717,4
proud,proud,1,9,7,5,0.6340809948425405,0.04478695690370624,0.0019549650006967234,0.044786956903706265,0.044786956903706265,4
unit,unit,1,2,3,22,2.730870210218728,0.29057870931493895,0.006101200810573117,0.29057870931493884,0.29057870931493884,9
wait,wait,1,3,5,3,0.4027693626554951,0.015269050573900347,0.0021818509372316785,0.015269050573900338,0.015269050573900338,2
break,break,1,2,3,11,1.309168729737651,0.1588742379871867,0.0034361130233519633,0.15887423798718664,0.15887423798718664,7
recreate,recreate,1,8,1,7,0.7723223086924036,0.016437692223694716,0.002530186100412196,0.016437692223694764,0.016437692223694764,4
mean,mean,1,2,2,2,0.25807505207699466,0.0124708863284325,0.0011417008185601219,0.012470886328432509,0.012470886328432509,2
plenti,plenti,1,7,8,3,0.32823252938194425,0.00718173839253433,0.0015268686605506806,0.007181738392534376,0.007181738392534376,2
future,future,1,4,6,6,0.6996151897117094,0.03313785167868772,0.002398355783767457,0.033137851678687755,0.033137851678687755,4
hold,hold,1,9,6,6,0.6831812961851149,0.012199629875907917,0.0024662398139136225,0.012199629875908016,0.012199629875908016,4
law,law,1,2,3,10,1.2484962254413166,0.09321557436251404,0.003380256518516083,0.09321557436251407,0.09321557436251407,7
take,take,1,1,8,7,0.8467503699724577,0.009360635511956771,0.002773186716526045,0.009360635511956867,0.009360635511956867,4
hate,hate,1,2,3,11,1.3438535313276692,0.1501534929715379,0.003361964031905154,0.1501534929715379,0.1501534929715379,7
treatment,treatment,1,1,2,6,0.6911216161584637,0.026972332650124883,0.002520138139903178,0.02697233265012493,0.02697233265012493,4
poor,poor,1,1,1,11,1.4451915900145496,0.12803937958894596,0.0035269100266155816,0.1280393795889458,0.1280393795889458,7
forget,forget,1,2,3,10,1.2791869828903057,0.041076967298944465,0.0034412022125243358,0.04107696729894454,0.04107696729894454,6
happy,happy,1,2,3,5,0.6048479414477733,0.023807595392386905,0.001986426269789283,0.02380759539238691,0.02380759539238691,4
boy,boy,1,1,1,7,0.8581773579932489,0.09648837022092502,0.0025442011029868775,0.096488370220925,0.096488370220925,6
train,train,1,1,1,17,2.0545123812853476,0.1936004064900153,0.004966551773397102,0.19360040649001525,0.19360040649001525,8
care,care,1,6,5,5,0.6679978675292744,0.004879823849511707,0.0025053713489981587,0.004879823849511792,0.004879823849511792,3
woman,woman,1,8,4,3,0.34654173676422095,0.0042717774256383345,0.0014680423457786845,0.004271777425638377,0.004271777425638377,3
close,close,1,7,2,7,0.8265354212364641,0.0199746522339045,0.002893107916492391,0.01997465223390457,0.01997465223390457,4
share,share,1,2,3,3,0.3886156585781215,0.041827793704707336,0.0013375239109079157,0.041827793704707315,0.041827793704707315,3
hospital,hospital,1,6,5,4,0.5164154843106591,1.8799732009625096e-4,0.0024686244810737104,1.8799732009630544e-4,1.8799732009630544e-4,3
walk,walk,1,1,1,5,0.5825409774267031,0.006226788598371345,0.002376259448374344,0.006226788598371367,0.006226788598371367,4
person,person,1,2,2,6,0.6745447518295726,0.04194563770013163,0.002466204254398977,0.04194563770013165,0.04194563770013165,4
infantry,infantry,1,4,4,6,0.740213302939018,0.0024178800053176568,0.0027958430200412435,0.002417880005317742,0.002417880005317742,4
head,head,1,9,6,2,0.25030333017111456,0.0022593853813583004,0.001209633308034143,0.0022593853813583334,0.0022593853813583334,2
human,human,1,2,3,13,1.578014686769579,0.20901731005039553,0.0036667156069718483,0.20901731005039548,0.20901731005039548,8
health,health,1,7,8,6,0.667637288385847,0.005714617658470634,0.002371765939400639,0.005714617658470691,0.005714617658470691,4
alike,alike,1,2,6,2,0.2589184952505025,0.020606857284198015,0.0013041491136944975,0.020606857284198,0.020606857284198,2
send,send,1,1,1,8,0.9865127747725227,0.06916419911844403,0.0026949397321031215,0.06916419911844394,0.06916419911844394,5
reason,reason,1,6,6,2,0.24214600379012602,0.0025892510355684383,0.0011967739139167638,0.0025892510355684673,0.0025892510355684673,2
social,social,1,4,4,7,0.8028276462346008,0.03141536497452659,0.002810753606658781,0.03141536497452665,0.03141536497452665,5
sgt,sgt,1,1,1,5,0.5613524819909068,0.0011600047840454061,0.00238866485419234,0.001160004784045456,0.001160004784045456,4
call,call,1,1,3,8,0.9841150849915657,0.13951192149225117,0.0029746595066474984,0.13951192149225108,0.13951192149225108,6
victory,victory,1,9,2,6,0.7737467947950618,0.0523857406970382,0.002341579546029276,0.052385740697038226,0.052385740697038226,5
pull,pull,1,2,3,3,0.3354891231326729,0.012330004250204541,0.0019260591133928894,0.01233000425020457,0.01233000425020457,2
foot,foot,1,4,1,5,0.5264027563585227,0.0013515308210034947,0.0023177800044950595,0.0013515308210035742,0.0013515308210035742,4
credit,credit,1,4,4,4,0.469034328296312,0.008491929528136963,0.0018823629004666041,0.008491929528137003,0.008491929528137003,3
protect,protect,1,2,6,13,1.513664142283123,0.07887739942526066,0.004085757470923311,0.07887739942526074,0.07887739942526074,6
start,start,1,2,3,11,1.287384307336267,0.1337437887404268,0.0031524452634560766,0.13374378874042672,0.13374378874042672,7
fellow,fellow,1,1,1,3,0.3428020396118542,0.0019894527000219055,0.0024714560607207174,0.001989452700021947,0.001989452700021947,2
eat,eat,1,3,5,5,0.6813676831215768,0.014847397269226776,0.0032151397398516323,0.014847397269226823,0.014847397269226823,3
deal,deal,1,7,4,3,0.384082728439064,0.00912388761233056,0.0015584261658981497,0.009123887612330591,0.009123887612330591,3
expect,expect,1,9,6,6,0.6836224939537703,0.016292816356596043,0.0023024530931484806,0.016292816356596136,0.016292816356596136,4
mind,mind,1,2,6,11,1.2741444835107625,0.08664549877845391,0.0032927723483054,0.08664549877845393,0.08664549877845393,7
black,black,1,2,3,9,0.9861036298248417,0.13677020184102853,0.0026281057597430275,0.1367702018410285,0.1367702018410285,7
tell,tell,1,1,1,7,0.8164585946441797,0.009251442255202216,0.0027290940820020966,0.009251442255202325,0.009251442255202325,5
speak,speak,1,7,7,4,0.4231338152412884,0.02440332954079837,0.002147487512487079,0.024403329540798394,0.024403329540798394,3
past,past,1,7,8,5,0.6745705475397895,0.009248848876153688,0.002157676011350555,0.00924884887615374,0.00924884887615374,5
mile,mile,1,1,1,10,1.2051446657592022,0.037559977189750716,0.0033312043829516603,0.037559977189750814,0.037559977189750814,6
punish,punish,1,6,2,4,0.4691015294483186,4.8451617420426044e-4,0.002350106242426099,4.845161742043177e-4,4.845161742043177e-4,3
theater,theater,1,3,1,6,0.8721342861678539,0.02231192751783267,0.0027179030572414583,0.02231192751783273,0.02231192751783273,4
physical,physical,1,6,6,6,0.7797887420497577,0.0062050928878669715,0.0025780767202473655,0.006205092887867052,0.006205092887867052,4
realize,realize,1,2,3,12,1.3317401986069748,0.15036859415739148,0.003536255960229654,0.15036859415739148,0.15036859415739148,7
give,give,1,9,2,4,0.454254392010337,0.024220214135038977,0.0016252656254547475,0.024220214135038994,0.024220214135038994,4
discharge,discharge,1,7,8,2,0.39318537279387783,0.0024905814226563933,0.0014469565958954468,0.002490581422656401,0.002490581422656401,2
food,food,1,3,5,2,0.29646693661319706,4.6180353853937786e-4,0.0025084922765631163,4.6180353853941315e-4,4.6180353853941315e-4,1
kill,kill,1,2,3,10,1.2082307190689443,0.13527103879223704,0.002983468602617157,0.135271038792237,0.135271038792237,7
fly,fly,1,4,4,2,0.35030356577449306,0.0023395800323402958,0.0013820207719109953,0.00233958003234031,0.00233958003234031,2
prove,prove,1,4,3,6,0.7962894174101842,0.09191429995789488,0.0021336826889799963,0.09191429995789481,0.09191429995789481,5
noncom,noncom,1,4,4,2,0.32635144581864317,0.019441256173906848,0.0012561444345984662,0.01944125617390686,0.01944125617390686,2
worry,worry,1,7,8,1,0.16338888297316062,6.352221290999079e-4,9.311910864192457e-4,6.352221290999149e-4,6.352221290999149e-4,1
leader,leader,1,4,4,5,0.6453434960350313,0.0067383047091095485,0.0021481175023974697,0.006738304709109586,0.006738304709109586,4
outfit,outfit,1,6,6,4,0.510961531396936,0.01845719988149662,0.0017363628797299711,0.01845719988149666,0.01845719988149666,4
real,real,1,2,2,2,0.26334817342073774,0.006101837107796761,0.0011154784856622975,0.0061018371077967756,0.0061018371077967756,2
bad,bad,1,1,5,7,0.8254218371741076,0.11903155480795606,0.0022421531689253596,0.11903155480795602,0.11903155480795602,6
black-woman,black-woman,1,2,3,1,0.1512800099260021,0.01882429586043275,7.796563366016583e-4,0.018824295860432733,0.018824295860432733,1
serve,serve,1,2,3,4,0.4802574361040822,0.048390651897167555,0.0015074448740392532,0.04839065189716754,0.04839065189716754,4
educate,educate,1,4,4,6,0.7163714628665271,0.04929483769893244,0.002058636950443914,0.04929483769893244,0.04929483769893244,5
understand,understand,1,2,3,3,0.370824033152132,0.07589039815570123,0.001170569323668001,0.07589039815570119,0.07589039815570119,3
mix,mix,1,2,3,1,0.14785041202631008,0.045076536845998404,7.646789459929251e-4,0.04507653684599842,0.04507653684599842,1
privilege,privilege,1,2,3,5,0.5856446619142142,0.07840238161559522,0.0016259595533081423,0.07840238161559523,0.07840238161559523,5
prejudice,prejudice,1,2,3,9,1.1795666032178589,0.15930089943737188,0.0027968703295421235,0.1593008994373718,0.1593008994373718,7
post,post,1,3,1,11,1.281812865436075,0.10467690303835665,0.0033108457272617493,0.10467690303835664,0.10467690303835664,7
suppose,suppose,1,2,3,8,0.927749756690645,0.056211519779874805,0.002493266594299561,0.05621151977987483,0.05621151977987483,6
cooperate,cooperate,1,1,1,1,0.13911348254347897,3.6869477870979714e-4,0.0011720445866057177,3.686947787098105e-4,3.686947787098105e-4,1
friend,friend,1,4,4,1,0.13907107808666402,7.225038057365024e-4,9.21537496746049e-4,7.225038057365153e-4,7.225038057365153e-4,1
segregation,segregation,1,2,3,5,0.5662142040662855,0.07888027254359078,0.001603450408914412,0.07888027254359076,0.07888027254359076,5
catch,catch,1,2,2,2,0.24668924317449528,0.008521039619889606,0.0011000505453510202,0.008521039619889627,0.008521039619889627,2
differ,differ,1,2,3,2,0.24520880612589085,0.03907618489314481,0.001004476646534847,0.039076184893144766,0.039076184893144766,2
transfer,transfer,1,4,4,4,0.47326890530330545,0.013055538405921895,0.001843551956349319,0.013055538405921939,0.013055538405921939,3
word,word,1,2,2,5,0.5857379617192435,0.018376971817683444,0.0018667068226994187,0.018376971817683527,0.018376971817683527,4
bui,bui,1,7,8,6,0.7022977171129116,0.011676417092203085,0.002242219183166427,0.011676417092203184,0.011676417092203184,5
leave,leave,1,4,4,4,0.45818811098453144,0.005994549912078196,0.00182072415900589,0.00599454991207823,0.00599454991207823,3
hard,hard,1,1,1,8,0.9418338311104437,0.09847923083609103,0.0024237390387589464,0.09847923083609086,0.09847923083609086,7
play,play,1,4,6,3,0.37635116776070593,0.007134009084570645,0.0014773685818411878,0.00713400908457067,0.00713400908457067,3
glad,glad,1,7,7,3,0.3778454466978718,0.028585474023219228,0.0014404448214819358,0.028585474023219246,0.028585474023219246,3
unfair,unfair,1,4,4,4,0.45391786777766896,0.013404030034716947,0.0016806590592507967,0.013404030034716989,0.013404030034716989,4
set,set,1,3,1,1,0.13087441867252997,0.0030087352078127087,8.107773523918728e-4,0.003008735207812714,0.003008735207812714,1
hear,hear,1,9,5,3,0.3657774483651259,6.780927607376835e-4,0.0019067151466764002,6.780927607377252e-4,6.780927607377252e-4,2
soon,soon,1,2,6,2,0.24049035672328123,0.0026320732092111167,0.00133801265509567,0.0026320732092111553,0.0026320732092111553,2
not,not,1,5,9,3,0.34085569707870167,0.020846058862203098,0.0012235165264648932,0.020846058862203126,0.020846058862203126,3
world,world,1,2,3,10,1.1124758279656652,0.11949043173291357,0.0026136947973056557,0.11949043173291356,0.11949043173291356,7
advance,advance,1,7,3,3,0.35418125356457975,0.029730366951459627,0.0012111633198520493,0.029730366951459624,0.029730366951459624,3
find,find,1,1,1,1,0.1266346610021943,0.0018409782511293706,9.466117550577134e-4,0.0018409782511293856,0.0018409782511293856,1
due,due,1,9,6,3,0.3434216688681588,0.002829530162971867,0.0014628909610103038,0.0028295301629719027,0.0028295301629719027,3
move,move,1,1,1,2,0.23278626840531738,0.0010293432132087485,0.001354956494861769,0.0010293432132087792,0.0010293432132087792,2
rest,rest,1,1,1,3,0.34153539415026984,0.0018829724207622435,0.0014174665802390884,0.0018829724207622797,0.0018829724207622797,3
private,private,1,4,8,8,0.8825147628709379,0.0063531389432577795,0.002844795497017898,0.006353138943257865,0.006353138943257865,5
heart,heart,1,6,2,6,0.6777007416646517,0.008438323465056146,0.002618603907464101,0.008438323465056166,0.008438323465056166,4
change,change,1,9,2,2,0.2277655825059755,0.006445967620625024,0.0010456458351755528,0.006445967620625039,0.006445967620625039,2
run,run,1,4,4,2,0.24066202518271973,0.003476377398713633,0.001100954841571621,0.00347637739871366,0.00347637739871366,2
draft,draft,1,7,8,3,0.33762371677347647,0.005502298929908382,0.001340931840566939,0.00550229892990842,0.00550229892990842,3
half,half,1,1,4,3,0.3346941061793941,0.00656088294003403,0.001364598839279099,0.0065608829400340685,0.0065608829400340685,3
presid,presid,1,9,2,2,0.2254201531228211,0.0019009315536665117,0.0010641029267994663,0.0019009315536665293,0.0019009315536665293,2
brake,brake,1,7,3,1,0.12238382238590904,0.005060515811671035,8.083460995570053e-4,0.005060515811671044,0.005060515811671044,1
bite,bite,1,7,3,2,0.22943581490598153,0.011924054426201673,0.0010261637798037852,0.011924054426201685,0.011924054426201685,2
shoot,shoot,1,1,1,3,0.3473864049994898,0.010984677373725904,0.0012834699787707367,0.01098467737372596,0.01098467737372596,3
build,build,1,8,6,8,0.903432718725533,0.01982816190796434,0.0027242189198888943,0.01982816190796441,0.01982816190796441,5
hurt,hurt,1,6,5,2,0.22961806424342818,2.240378597042865e-4,0.0012978760347503867,2.2403785970431054e-4,2.2403785970431054e-4,2
brother,brother,1,8,6,2,0.22688020636105627,0.006299526061988144,0.0010491160537586528,0.006299526061988163,0.006299526061988163,2
stay,stay,1,1,1,2,0.23044077622167908,0.0016191367025221177,0.0011831973638142914,0.0016191367025221322,0.0016191367025221322,2
fill,fill,1,3,5,1,0.11981598251273504,5.577695358439268e-4,0.0010435024452172313,5.577695358439437e-4,5.577695358439437e-4,1
rule,rule,1,8,4,2,0.23723325626188552,0.0036372993068175263,0.0011318819711459089,0.00363729930681755,0.00363729930681755,2
lot,lot,1,4,4,3,0.3264236422449418,0.026456874595150705,0.0012067830300010137,0.02645687459515073,0.02645687459515073,3
condition,condition,1,1,6,5,0.5424509745147215,0.028873572598657006,0.0019375881281376288,0.02887357259865706,0.02887357259865706,4
pick,pick,1,9,6,3,0.35373665041662244,0.006829453796841846,0.001434240518489498,0.006829453796841875,0.006829453796841875,3
line,line,1,3,1,1,0.11925120169928867,0.009979384765672488,7.45859631472242e-4,0.00997938476567249,0.00997938476567249,1
sea,sea,1,6,6,3,0.3513595365346553,0.003807249962449016,0.0013978984493661078,0.0038072499624490557,0.0038072499624490557,3
fine,fine,1,7,8,2,0.22639519596167793,0.004600273008564914,0.0011931818028626826,0.004600273008564942,0.004600273008564942,2
govern,govern,1,9,2,7,0.7552603631233556,0.03736331077183772,0.0022946004563578564,0.037363310771837716,0.037363310771837716,5
nice,nice,1,4,4,2,0.21956923317355043,0.002318339229623509,0.0010403540502650806,0.0023183392296235385,0.0023183392296235385,2
concern,concern,1,6,2,2,0.2226723503890649,0.0016206636928622505,0.0011298259606166655,0.0016206636928622683,0.0016206636928622683,2
short,short,1,7,8,3,0.34317107263903457,0.0014004690158715566,0.0014620896022358662,0.0014004690158715947,0.0014004690158715947,3
civil,civil,1,2,3,5,0.5427570645469916,0.03657811241516367,0.0019669128351849784,0.036578112415163684,0.036578112415163684,4
lose,lose,1,2,3,1,0.11445271285729898,0.022847450406200762,6.998728488342246e-4,0.02284745040620073,0.02284745040620073,1
talk,talk,1,8,4,2,0.22270181605430864,0.011965333939705008,0.0010719994570623959,0.011965333939705019,0.011965333939705019,2
bring,bring,1,7,2,2,0.2158681454637908,0.00443097385776837,0.0010563116222633148,0.004430973857768399,0.004430973857768399,2
peace,peace,1,2,2,2,0.21200431748012677,0.006029494784273849,0.0010652563773552641,0.006029494784273874,0.006029494784273874,2
comment,comment,1,9,2,2,0.22001000885455113,0.0015708293563925365,0.0011238193102444847,0.0015708293563925588,0.0015708293563925588,2
enjoy,enjoy,1,8,3,3,0.32081101785749,0.03031913247714528,0.001190175705661164,0.030319132477145294,0.030319132477145294,3
power,power,1,4,4,1,0.1101358795637017,0.0010548699905411746,8.19557434684338e-4,0.0010548699905411868,0.0010548699905411868,1
act,act,1,1,3,1,0.10998212842179267,0.004678013208946573,7.743774212185108e-4,0.004678013208946579,0.004678013208946579,1
hand,hand,1,2,3,1,0.10960529058565027,4.120242215253797e-4,0.0010266651150793304,4.1202422152540136e-4,4.1202422152540136e-4,1
help,help,1,4,4,2,0.2150857594007932,0.005258129927161187,0.0011477094384204484,0.0052581299271612,0.0052581299271612,2
wrong,wrong,1,4,2,3,0.3201345378808932,0.001673262686408897,0.0016385985580542003,0.0016732626864089369,0.0016732626864089369,3
happen,happen,1,9,2,4,0.41661937403051846,0.021862150101894292,0.001451916593274818,0.021862150101894316,0.021862150101894316,4
pretty,pretty,1,1,1,1,0.10795507659440506,6.547940001988354e-5,0.0011533667114557306,6.547940001989559e-5,6.547940001989559e-5,1
idea,idea,1,7,7,1,0.10327529366165004,7.683755316073187e-4,9.373243790456113e-4,0.00076837553160733125,0.00076837553160733125,1
satisfy,satisfy,1,1,1,1,0.10163856729863407,5.027513280460676e-4,8.389960994628289e-4,5.027513280460773e-4,5.027513280460773e-4,1
