source,target,weight,group
crow,jim,0.8580831024729044,black
german,japan,0.6991099335491461,black
corp,air,0.6729510795929545,white
corp,air,0.6111986067175911,black
negro,white,0.56877274928805,white
west,east,0.5574118101709014,black
north,south,0.5519739152770401,white
win,war,0.5055605360439209,black
divide,fall,0.49162220744839236,black
force,arm,0.4806474609857348,black
north,south,0.4779323862663222,black
win,war,0.46680261529053924,white
white,negro,0.4563640463381727,black
plant,defense,0.4451089373054691,white
marry,singl,0.4248694781224694,white
white,color,0.42128696346040956,white
ride,bus,0.4158048018465402,black
cook,food,0.41204653169194755,white
branch,service,0.39210877319875637,white
life,civilian,0.3847323274721905,white
defense,plant,0.3825063040422676,black
basic,train,0.37891553326703914,white
white,color,0.3784758610822135,black
company,command,0.36103774446261844,black
singl,child,0.36052837232340124,white
service,branch,0.3522901012359003,black
white,black-man,0.34936342038776386,black
divide,stand,0.3438979764486451,black
child,wife,0.33998657245946623,black
white,people,0.3395563955238588,black
commissioned,office,0.33620334983246963,white
south,black-man,0.3307957818823043,black
uniform,wear,0.33012749263003166,black
marry,family,0.3276294505841778,white
color,race,0.3274815244034193,white
low,morale,0.3266237655747436,black
marry,wife,0.32496220240900764,white
day,pass,0.3218473633577391,white
south,white,0.3191601174382425,black
equal,right,0.318499301960913,black
white,people,0.31562608509740464,white
furlough,month,0.313766888095384,white
negro,fight,0.3131097048485955,black
commissioned,office,0.30721702279259694,black
negro,race,0.3067336457783717,white
life,civilian,0.3042678224925784,black
creed,race,0.3026249044655791,black
wife,marry,0.30133319453241425,black
white,separate,0.29790350144295086,white
south,negro,0.29712674664908223,black
war,negro,0.2944534171536157,black
school,mechanic,0.29433972393404834,white
war,fight,0.28927620840738294,black
pass,week,0.2890370034962585,white
white,fight,0.2882178913747736,black
negro,separate,0.28691129234417184,white
war,fight,0.28678457167321164,white
lord,pray,0.28512445055075414,black
furlough,month,0.2841734243915231,black
military-police,beat,0.2831001697981478,black
close,home,0.28296745634434467,white
camp,town,0.28171921312297393,black
sick,doctor,0.2809207690444175,black
white,race,0.2808174953244588,white
defense,age,0.27701623349889587,black
speech,freedom,0.27495662735884713,black
life,army,0.27467770848286216,white
negro,white-man,0.2742231564872966,white
service,limit,0.27410168281210257,white
defense,limit,0.2728847826357429,white
close,station,0.2719642513968858,white
food,eat,0.27106304270734144,white
fight,freedom,0.2692600149423479,white
fall,stand,0.2687647216544266,black
negro,white-man,0.26827486557972824,black
marry,child,0.2669456489923606,white
educate,opportunity,0.2667924239674647,white
office,enlist,0.26614859935631907,white
worth,damn,0.26558682357929864,black
organ,system,0.2651988689818116,white
field,battle,0.2637959754108493,black
express,opinion,0.2589354371308549,black
spend,time,0.2585771197834562,white
discrimination,democracy,0.2578049606862628,black
fight,country,0.2575389226143523,black
bus,town,0.2567977445548079,black
equal,creat,0.25639583145069056,black
negro,race,0.2552904053941895,black
money,wast,0.253187377035578,white
military,police,0.2528943318164784,black
bus,sit,0.2524805432370742,black
white-man,privilege,0.2521881551601794,white
sleep,bed,0.2516309291697604,black
dog,treat,0.2506032935994942,black
cook,eat,0.24943415966755225,white
negro,chance,0.2469769103770819,black
spend,money,0.24571628403816592,white
ride,seat,0.24511133236815077,black
wait,line,0.24495418444700975,white
war,hope,0.24440369021439995,black
negro,south,0.24288007290903246,white
defense,job,0.2421809096217629,black
color,creed,0.24199219449455425,black
bus,seat,0.2416226871054469,black
transport,poor,0.24115856387013135,black
guard,nation,0.2379206269993908,white
color,race,0.2338919285378442,black
black-man,treat,0.23310051401076334,black
serviceclub,post-exchange,0.23236151099783564,black
white,race,0.23166132363789058,black
doctor,medic,0.23063233833897803,black
race,equal,0.23057543245668974,white
sleep,eat,0.23045285423311063,black
month,rate,0.22970029212445314,white
north,camp,0.2280094016787119,black
corp,transfer,0.22756973541859377,white
time,wast,0.2268829625723612,white
fight,freedom,0.22672360822118606,black
life,army,0.22620971359063038,black
bus,service,0.2252710565952331,black
black-man,white-man,0.22526925544978488,black
army,time,0.22474005531621352,white
white,office,0.22429014295283844,black
army,job,0.22236300914836754,white
air,force,0.22082179270488766,white
basic,week,0.2206132751066925,white
negro,right,0.22044205993745,black
country,citizen,0.21932722942618912,black
white,south,0.21791224833513034,white
color,people,0.21694853437937722,white
wife,mother,0.21562539754881044,black
teach,rate,0.21553971535786917,black
bus,transport,0.21524203806178213,black
democracy,practice,0.21467330950027483,black
south,people,0.21379805924923043,black
race,white-man,0.21366460669739307,white
negro,country,0.2129474364456202,black
negro,equal,0.2114758608995751,black
war,white,0.2113474879812402,black
camp,soldier,0.21130730689259705,black
right,race,0.21123281913576997,black
black-man,soldier,0.2111471072494359,black
pray,god,0.21070080120558018,black
organ,qualify,0.21052042884371705,white
south,treat,0.21028203857931577,black
negro,office,0.21025214447627724,black
color,people,0.21018931058944798,black
white,treat,0.20916476480727544,black
defense,discharge,0.20797741194902583,black
child,wife,0.20711573626078378,white
town,police,0.20707735741332026,black
war,country,0.2064247995756244,black
volunteer,infantry,0.2063808932260529,black
fight,white-man,0.2060851980982161,black
furlough,home,0.20603677536587842,white
marry,family,0.20591480358846223,black
commissioned,private,0.20501691604157643,white
basic,complete,0.20498795337837888,white
wife,home,0.20495486433023902,black
white,equal,0.20412811079913318,white
white,class,0.20412811079913318,white
hope,day,0.20394764280029623,black
branch,fit,0.20359453584031656,white
school,qualify,0.20234382909750984,white
fight,lose,0.20230892925734778,white
office,command,0.2022958307225991,white
negro,people,0.2015531558541861,white
corp,branch,0.20151041327390357,white
air,branch,0.20151041327390357,white
complete,victory,0.20131696860229054,black
sit,theater,0.20076647375592524,black
plant,age,0.2005760323241582,black
nation,complete,0.19978604640079153,white
nation,peace,0.19978604640079153,white
negro,people,0.19925761340885614,black
civilian,line,0.19842154094591657,white
sleep,night,0.19830869015613398,white
qualify,opportunity,0.19798194689288956,black
marry,draft,0.1977360138312125,white
pass,week,0.19743928980294972,black
air,mechanic,0.19738071879820315,black
people,fight,0.19717513402359774,black
qualify,capable,0.19629834565781878,black
week,station,0.1961900499539256,white
color,office,0.19618949474556716,black
civilian,army,0.19613166202028173,white
money,pay,0.19563967023277098,black
family,wife,0.19548301115208958,white
treat,human,0.19518540887597863,black
cloth,food,0.19480831244082586,black
pass,furlough,0.19444229502241295,white
trust,true,0.19437277464783304,black
rate,sgt,0.19399533507442537,white
fight,country,0.19399503284691183,white
black-man,fight,0.19391472754994066,black
east,north,0.19383268746107252,black
day,inspect,0.19357179677682745,white
pass,time,0.1933380954138544,white
sick,hospital,0.1930933175577199,black
branch,qualify,0.19271440236487866,black
war,people,0.19224407849078445,black
civilian,trade,0.19209171714098533,white
furlough,home,0.19202246770496081,black
home,station,0.1919930567742997,white
speech,discrimination,0.19189046622773404,black
war,effort,0.1908296810630504,white
promotion,ability,0.19075129971851792,white
police,kill,0.19074199953273763,black
speech,free,0.1898622992199852,black
school,rate,0.18976463317624753,white
job,army,0.1891362186602253,black
medic,care,0.18884151212747377,black
die,live,0.1886974804891965,black
school,experi,0.18842085670795283,white
pass,inspect,0.18840895121502663,white
office,rank,0.1882131717324156,black
bus,poor,0.18819521556244173,black
branch,transfer,0.18806354776047543,white
trade,learn,0.18784503536354125,white
west,north,0.1877409685105462,black
physical,combat,0.18755580509321843,white
train,time,0.1874400471423088,white
air,fly,0.18694771751549477,black
fight,life,0.18693123509381787,black
pass,camp,0.18554901402621707,white
country,live,0.18527027819959185,black
mechanic,school,0.18522727387867888,black
age,discharge,0.185207960844852,black
war,race,0.1851856038474663,black
people,stop,0.18511813640134656,black
army,soldier,0.18502651279006976,white
south,camp,0.18480531344706855,black
war,country,0.1845685458420299,white
family,home,0.1842444095479209,black
home,soldier,0.18376979795331685,white
war,job,0.18367967501455076,black
money,pay,0.1835577695978809,white
train,week,0.18354278220428627,white
promotion,chance,0.18348273341616936,white
captain,lieutenant,0.18339267110588803,black
color,black-man,0.18328192231854684,black
fight,die,0.18309428175918002,black
equal,class,0.18291391289611936,white
military-police,trouble,0.18291391289611936,white
south,color,0.18235813755134533,black
command,office,0.18233024422221714,black
furlough,week,0.18220134604077243,white
divide,hous,0.1821764803382636,black
blood,nation,0.18217436149207375,black
war,govern,0.1817377739303979,white
chance,fair,0.18152283919004575,black
seat,theater,0.18090678231221324,black
close,send,0.1808826808063355,white
town,pass,0.1808795387267483,black
white,fight,0.18071980076983507,white
week,time,0.18041682672431417,white
black-man,camp,0.18030463800805327,black
furlough,pass,0.18001919807584305,black
fight,realize,0.1799919006956811,white
citizen,unit,0.1799411550208298,black
race,live,0.17988646895468183,black
promotion,ability,0.17986548643632475,black
life,country,0.17976920456081658,black
experi,world,0.17928969444034593,white
divide,forget,0.1782635841990882,black
land,forget,0.1782635841990882,black
singl,draft,0.17779523432494215,white
god,love,0.1777892492425092,black
combat,train,0.17775213470467424,black
white,white-man,0.1776025554973914,black
washington,start,0.17758916412563064,black
opinion,idea,0.17752777014898455,white
white,bus,0.17727116453776734,black
white,country,0.17696422663076516,black
negro,equal,0.17688865401126874,white
promotion,person,0.17687441523591285,white
country,unit,0.1768432108154641,black
bus,wait,0.17645729193195417,black
fight,race,0.17625727592274257,black
rate,mechanic,0.17611280601004944,black
uniform,proud,0.1759267867085188,black
south,soldier,0.17588774233056884,black
negro,treat,0.1758415475655583,black
service,bus,0.17582011499684932,white
north,station,0.17569049031158782,black
day,close,0.17568926217194156,white
color,treat,0.17520200808087477,white
negro,black-man,0.17517346621032745,black
treat,soldier,0.17513982859629237,black
war,hope,0.1751316741298169,white
south,fight,0.17493369758695027,black
marry,home,0.1748636491377333,white
office,army,0.17463423381143506,white
god,blood,0.17437856956890113,black
office,division,0.17437614755644532,black
home,army,0.17384319083798225,white
school,field,0.17345942172305165,white
rate,private,0.17298669611704715,white
front,oversea,0.17272705597907337,black
front,sign,0.17272705597907337,black
police,paper,0.17270125193204874,black
chance,prove,0.1726794002758755,black
rank,ability,0.17259773876628604,black
bus,black-man,0.1724370715287379,black
win,fight,0.17238948107244928,black
camp,time,0.17231429955654834,black
lose,combat,0.17189036570597094,white
fair,deal,0.17188579810552065,black
negro,privilege,0.17187438806671046,white
sick,medic,0.1713425316779908,black
job,handl,0.1710290362174402,white
south,separate,0.17061019299615773,white
outfit,cloth,0.17034852760595295,white
post-exchange,separate,0.17024480523487107,black
white,soldier,0.17023039510357912,black
sit,seat,0.17015031261604902,black
commissioned,command,0.17009404880751644,white
right,fight,0.17003909050794408,black
color,equal,0.1699654185298629,white
color,class,0.1699654185298629,white
office,noncom,0.16993134624727876,black
commissioned,pick,0.16975851338630088,white
war,chance,0.16963927638492307,black
qualify,experi,0.16891765387256014,white
physical,condition,0.16859328138877747,white
day,time,0.16823119369296138,white
day,week,0.16816420170494384,white
south,office,0.16806675429866488,black
home,time,0.16794999316273637,white
creed,land,0.1677847060891964,black
blood,past,0.1677847060891964,black
south,lynch,0.16752848493897687,black
bus,camp,0.1674637116497117,black
negro,fight,0.16728785664999818,white
rank,allow,0.16707675964249122,black
soldier,time,0.16699491292800378,black
month,combat,0.16690988508353635,white
military-police,town,0.16671687523730117,white
white,separate,0.1664049506921813,black
job,chance,0.16634696960944326,white
war,army,0.16631704780363193,white
office,school,0.16608532668120646,white
race,country,0.16596688837739926,black
country,love,0.1657124403491509,black
race,separate,0.16521412688652937,white
freedom,country,0.16511785367431903,black
fight,democracy,0.16486598639805697,black
corp,satisfy,0.1647036085164412,white
life,live,0.16457910683296215,black
love,hate,0.16442255557641103,black
practice,troop,0.1644086290883599,black
month,home,0.16440753688619206,black
guard,outfit,0.1643215564992479,white
country,feel,0.16429641990976934,black
war,unit,0.16412666808671963,black
citizen,share,0.16348357293048804,black
chance,fair,0.16340031368425983,white
wife,worry,0.16338888297316062,black
corp,fly,0.16335584825899827,black
live,happy,0.1631161924146611,black
north,send,0.16292418581134005,black
army,satisfy,0.16286258261641384,white
branch,enlist,0.16285823696334278,black
negro,color,0.16274203818973076,white
wife,home,0.16228725363994573,white
country,die,0.16226334924470112,black
captain,promotion,0.16222090495949418,black
job,hold,0.16216746980120014,white
day,sundai,0.16206376046273993,black
equal,democracy,0.16199984373567025,black
god,stop,0.16197864478850701,black
command,company,0.16181114784068446,white
job,fit,0.16163174143255568,white
negro,unit,0.16161298213622766,black
war,right,0.1616079236052628,black
equal,social,0.16135286121181028,black
war,people,0.16133917284147065,white
limit,job,0.16129212562917586,white
pray,love,0.16116022534245827,black
defense,yr,0.16109927471647983,white
people,live,0.1609821093160288,white
camp,transport,0.16088186450155675,black
paper,return,0.16072842438638163,black
combat,duty,0.1606908960248499,black
child,draft,0.16065814481180107,white
guard,draft,0.16065814481180107,white
white,equal,0.16063857870777348,black
return,write,0.16044682858321463,black
civilian,country,0.16043392618711635,white
fight,treat,0.15995152654523434,black
mechanic,experi,0.1599387348554641,white
basic,furlough,0.15987432649298783,white
north,white,0.15980992577917685,black
lynch,law,0.15962542198654545,black
win,country,0.1595883272789724,black
spend,take,0.15925451432283783,black
office,run,0.1591911828694829,white
week,close,0.15912538332873247,white
service,job,0.15907695589805393,white
german,enemies,0.15883315337917234,black
air,transfer,0.15879108344859189,white
office,troop,0.1587548458565759,black
people,fight,0.15867511500899434,white
people,equal,0.1585937844612921,white
south,people,0.15853943481713478,white
commissioned,rate,0.15851267817859077,white
democracy,receive,0.1583307014977267,black
transfer,job,0.15828069683067325,white
time,job,0.15817583536593355,white
return,expect,0.1581087575689041,black
treat,fair,0.15801235877181646,black
capable,leader,0.15762911643911395,black
promotion,choose,0.15762911643911395,black
oversea,past,0.15762911643911395,black
office,treat,0.15754402511056517,white
condition,live,0.1573937098972733,white
commissioned,ability,0.15730907993050464,white
war,white-man,0.1570923164064722,black
citizen,law,0.15693762157220295,black
citizen,receive,0.15693762157220295,black
race,future,0.1568674207744648,black
realize,yr,0.15686390124304347,white
yr,age,0.15686390124304347,white
black-man,office,0.15674287417410174,black
army,ability,0.15656819067347774,white
commissioned,noncom,0.15642009957136438,black
lieutenant,division,0.15625478249528593,black
month,school,0.15616795946082346,white
country,serve,0.15564157493115294,white
army,outfit,0.15553276323459264,white
soldier,train,0.15541295641352412,black
wait,ship,0.15533755661619209,white
pick,infantry,0.15533755661619209,white
train,physical,0.15531843696656011,white
office,field,0.15518464298485993,white
transport,practice,0.15498349094638708,black
south,call,0.15497345969844845,black
combat,duty,0.15488038939753304,white
office,noncom,0.15463330474657894,white
negro,north,0.1546120200559651,white
damn,god,0.15460984313537002,black
camp,soldier,0.15448838350898023,white
condition,unit,0.15446258813320693,white
office,promotion,0.15430764033864758,black
hope,live,0.15406731233211216,black
combat,outfit,0.15349910817304016,black
enlist,job,0.15342781001210828,white
south,treat,0.15331103566770013,white
pass,mile,0.15307834787207272,black
train,lose,0.15294070070804694,white
war,peace,0.15277778060619002,white
soldier,home,0.15267429807971092,black
day,tell,0.15261721122933997,white
field,enlist,0.1524753173697179,black
true,real,0.1523603627015021,black
uniform,democracy,0.1522690891683025,black
right,citizen,0.15225147324512084,black
war,army,0.1522288222490844,black
negro,live,0.15222815756507627,black
camp,bus,0.1522220739514011,white
educate,experi,0.15205842225540928,white
corp,service,0.15204196464647918,white
treat,bad,0.15202953042542888,black
combat,unit,0.1520239756700156,white
job,feel,0.1519365873849341,white
soldier,feel,0.15177036123953921,black
realize,hard,0.15174220446684267,white
air,force,0.15173021612487758,black
negro,hell,0.15143118035584938,black
free,land,0.15139077953202676,black
family,govern,0.1513715858092549,white
ability,prove,0.1512872772590958,black
white-man,black-woman,0.1512800099260021,black
civilian,soldier,0.15117925210599706,white
people,race,0.15113453472310942,black
mother,home,0.15111044458784273,black
doctor,care,0.15109729593290017,black
child,family,0.1510163413974582,white
night,sgt,0.1510163413974582,white
war,life,0.1509702984884608,black
defense,farm,0.1509682649890631,black
office,ability,0.1509024536690095,black
war,black-man,0.15090108040874858,black
home,close,0.15086476474231816,black
pass,home,0.15081698108347294,white
pray,hope,0.15078160361537254,black
plant,marry,0.15076357773149932,black
battle,carry,0.15076357773149932,black
bus,town,0.15073061793653098,white
win,unit,0.15067981432557398,black
north,soldier,0.15052675342834512,black
country,serve,0.15028016753422935,black
school,educate,0.15016931504508987,black
north,black-man,0.15015524592781418,black
train,soldier,0.150101476216044,white
office,army,0.15009113467910748,black
army,soldier,0.15008070860318368,black
equal,race,0.15006852702717843,black
race,citizen,0.14993482415746157,black
day,furlough,0.14990353631519893,white
time,spend,0.14965934300819006,black
life,give,0.14960346414223988,white
duty,physical,0.14943683765241084,black
negro,break,0.1494349657107584,black
camp,fort,0.1490806654172113,black
volunteer,choose,0.14900643509982398,black
fight,feel,0.14893322624262773,black
month,spend,0.14885250607332207,black
race,human,0.14858812927385412,black
race,understand,0.14858812927385412,black
food,cloth,0.1485594004365671,white
civilian,pay,0.14835921455848305,white
civilian,give,0.14835921455848305,white
army,stay,0.1482704020429655,white
furlough,morale,0.14821582355798105,white
money,send,0.14810231939562918,white
day,night,0.14810184717359168,black
west,south,0.14809302402442762,black
treat,alike,0.1479823514435862,black
white,mix,0.14785041202631008,black
stop,lynch,0.1477993493708974,black
battle,blood,0.14779384673009688,black
battle,front,0.14779384673009688,black
front,paper,0.14779384673009688,black
field,outfit,0.1477074381230015,white
ability,polit,0.14768567033288263,white
arm,service,0.14763787554432325,black
white,chance,0.14763781925153482,black
color,separate,0.14757440714800996,white
freedom,duty,0.14751872481819783,white
soldier,town,0.14743891710476278,white
home,camp,0.14725203740346657,white
office,lieutenant,0.14721836731791912,black
air,enter,0.14721471438531603,white
guard,military-police,0.14699806734124987,white
rate,promotion,0.1468670505645811,white
branch,wrong,0.14648453087964114,white
soldier,morale,0.14635597246743856,white
bus,bad,0.14627295479464206,white
defense,home,0.14625716360576724,white
family,home,0.14625716360576724,white
black-man,call,0.1461671425722656,black
wast,qualify,0.1460841613650848,white
south,white-man,0.14603564782619322,black
people,pay,0.14601142834035227,white
eat,poor,0.1460033694892227,white
branch,infantry,0.14587665483717333,white
defense,physical,0.14578952572449344,black
military,physical,0.14574839208422924,black
marry,money,0.1457456635689873,black
black-man,troop,0.14570967414442595,black
negro,speech,0.1455506410862626,black
camp,town,0.14554620916682687,white
train,army,0.1455359636917924,white
negro,live,0.145520153252751,white
ability,outfit,0.1454478292517557,white
right,privilege,0.14523852992179964,black
pass,night,0.1452347259682255,black
life,live,0.1448538873921246,white
south,bus,0.14485362243876337,black
color,fight,0.14480027315893013,white
white,black,0.14461532654949438,black
south,boy,0.14459104724613878,black
nation,unit,0.14451340806295654,white
army,lot,0.14447898943565807,white
chance,ability,0.14445830005339816,black
people,treat,0.14445818193686136,black
war,live,0.14440715324000925,black
opportunity,capable,0.14437289833081535,black
sgt,fair,0.14437221621435836,white
outfit,duty,0.14425299715262138,white
time,inspect,0.14422509069579703,white
citizen,prejudice,0.1441911846953234,black
south,country,0.1441621271128821,black
month,army,0.14410718044199655,white
educate,person,0.14406086587401212,white
wear,allow,0.1439211838612972,black
camp,post,0.14390990986222046,black
morale,office,0.14360547005398744,black
sick,duty,0.14349647123782722,black
civilian,police,0.14345496853475695,black
negro,lynch,0.14339448709794522,black
fight,live,0.1433943263310495,black
black-man,civilian,0.14336954884121175,black
office,experi,0.14329523350936885,white
mechanic,infantry,0.14324810985755262,white
mechanic,tell,0.14324810985755262,white
soldier,station,0.14322331110500816,black
drill,call,0.14315344497247823,white
day,night,0.14313040775444208,white
system,morale,0.14310465209759962,white
company,rate,0.1430011511435917,black
live,forget,0.14286491206142563,black
commissioned,hold,0.14278417695545217,black
plant,army,0.14273036157513702,black
people,live,0.14265326918298557,black
learn,pick,0.14264174487222966,white
opportunity,qualify,0.14244108492663404,white
close,soldier,0.14241136393753284,white
day,pass,0.14240016234730737,black
service,physical,0.1423812602389715,white
democracy,suppose,0.14235183564814996,black
enlist,equal,0.1422508587500117,white
month,army,0.14218419709449837,black
white,prejudice,0.14214047598557392,black
soldier,idea,0.1421046510896031,white
rate,outfit,0.14199519747458872,white
time,boy,0.14199327696201355,black
army,rate,0.14194760611764293,white
opinion,test,0.1419316782760564,white
south,police,0.14192375080357794,black
time,soldier,0.14185781709537776,white
corp,physical,0.1417321802676415,white
air,physical,0.1417321802676415,white
war,job,0.14169979453740142,white
post-exchange,theater,0.14165907540504155,black
promotion,polit,0.1416469465549423,white
jim,lynch,0.14153935865801937,black
week,soldier,0.14149314624773743,white
south,send,0.14147049052991997,black
blood,mind,0.14139275236204132,black
white,call,0.1412173336388994,black
office,soldier,0.14120549335685828,black
war,freedom,0.14115308885873307,white
color,fight,0.14109556109716923,black
army,feel,0.14109006991883172,white
guard,experi,0.14106660727646872,white
civilian,effort,0.14106069910324,white
service,enter,0.1409933324646427,white
company,run,0.14095933160724797,white
sick,eat,0.14086271124487545,black
lord,trust,0.1408338381276584,black
people,country,0.14076273873287648,black
field,texas,0.14073148049923834,black
washington,give,0.14045549104499083,black
negro,opportunity,0.14028430565549102,black
camp,send,0.14022994204063502,white
morale,send,0.14022010229345733,black
people,god,0.1401862969954396,black
black-man,morale,0.1401859935385141,black
war,start,0.14015565013302134,black
race,prejudice,0.14001878451112498,black
war,civilian,0.13992426877630199,white
win,hope,0.13981631470407366,black
limit,duty,0.1397419802115389,white
limit,guard,0.13973715933956252,white
send,tell,0.13973715933956252,white
company,office,0.13972668089613413,black
corp,limit,0.13969549947053847,white
job,experi,0.13948454382684333,white
camp,station,0.13940393296860334,black
pass,time,0.13931648623590576,black
war,life,0.139250197644715,white
home,station,0.13922876639287118,black
ability,poor,0.13918025931296624,white
discrimination,post,0.13912524911438048,black
spirit,cooperate,0.13911348254347897,black
west,texas,0.13909183882276158,black
win,fight,0.13908690783782057,white
captain,friend,0.13907107808666402,black
washington,return,0.13907107808666402,black
return,head,0.13907107808666402,black
week,night,0.13899547248417038,black
money,country,0.1389417825615578,white
right,white-man,0.13890587741058544,black
democracy,mean,0.13889877746213825,black
fight,segregation,0.1388390208001442,black
black-man,people,0.13880681491798175,black
negro,prejudice,0.13876135794136438,black
white,right,0.13868462019627978,black
transfer,outfit,0.13858838770773096,white
east,south,0.13850465156285408,black
hell,catch,0.13834199941877992,black
promotion,test,0.1383356276659714,white
army,experi,0.13832148281361517,white
crow,lynch,0.1383050030824787,black
discrimination,lynch,0.1383050030824787,black
army,test,0.1380925601571692,white
army,mind,0.1380925601571692,white
bus,color,0.13808468757798745,black
race,prove,0.13806083876754738,black
town,post,0.1380265335699711,white
money,half,0.13800066706092182,white
transfer,unit,0.13800066706092182,white
town,time,0.1379538386549377,black
air,month,0.13776910484262533,white
cook,cloth,0.1377103922906289,white
separate,differ,0.13767853264742352,black
ability,noncom,0.13767843395431223,white
army,home,0.1375724120347788,black
white,lieutenant,0.13755018049823606,black
air,enlist,0.13750446074620662,white
war,home,0.1374625742659278,black
train,office,0.1374602528725052,white
camp,transfer,0.13734279614723105,black
color,white-man,0.13731936881044526,black
military-police,reason,0.13728867507365936,white
love,mind,0.13714851200345723,black
express,chance,0.13712959607270028,black
feel,mind,0.13703862185646443,black
home,mile,0.13702853785099656,black
negro,freedom,0.13701976754629322,black
democracy,nation,0.13701540706760523,black
train,field,0.1369508597674728,white
force,black-man,0.13687353890043535,black
air,service,0.1367623465322591,white
town,soldier,0.1367130467768135,black
bad,pretty,0.13670309361413882,white
army,enter,0.13660876883601647,white
town,mile,0.1365749803845264,black
color,matter,0.1365732708245147,black
opportunity,ability,0.13649854444883303,black
qualify,school,0.1364333149699561,black
freedom,die,0.13640476991898137,black
job,qualify,0.13639089910943322,white
sundai,night,0.13638146220379133,black
branch,leader,0.136292661993373,black
week,past,0.136292661993373,black
country,hate,0.13611724148608317,black
freedom,live,0.1358866306104956,white
race,nation,0.13583576043284556,black
democracy,word,0.13582534356371365,black
effort,feel,0.1356605093238738,white
food,half,0.135514940691722,white
pass,night,0.13551060815620836,white
station,allow,0.1354264284350961,black
month,time,0.1352400164780992,white
close,care,0.1352333328562134,white
care,farm,0.1352333328562134,white
money,bui,0.1350725343475158,black
division,leader,0.13504845857900566,black
color,treat,0.13502557220263675,black
command,commissioned,0.1350247587029148,black
mechanic,spend,0.13502439738365332,white
school,army,0.13494642361203113,white
body,realize,0.13494100742282616,black
office,qualify,0.13487527749713912,white
food,poor,0.13483056293648668,white
north,negro,0.13466916430591405,black
branch,army,0.13460033990973805,white
service,army,0.13456854618987557,white
civilian,money,0.13450379523449568,white
beat,police,0.1344400131238056,black
army,chance,0.13433446301322666,white
time,take,0.1342939056568707,white
lord,love,0.13427791718503368,black
corp,volunteer,0.13427095954938673,black
trouble,punish,0.13427095954938673,black
plant,life,0.13421946093367634,black
job,duty,0.13421373727549543,white
white,low,0.13420207676058413,black
allow,leave,0.1341515008769131,black
transfer,chance,0.13412066814172569,white
civilian,soldier,0.13397338347246004,black
discrimination,allow,0.133890452798574,black
south,troop,0.13389041561029305,black
white,life,0.13387313560293082,black
line,post,0.13382985127039762,white
fight,separate,0.13379841620286237,black
treat,noncom,0.13378945870697176,white
god,hell,0.1337084331536927,black
age,health,0.1336472132039284,black
war,treat,0.13360559171056138,black
field,type,0.13359907265077403,white
win,white,0.1334974586722242,black
soldier,hard,0.1334831210269354,black
color,equal,0.13348193385910467,black
white,stop,0.1334599961485366,black
white,hell,0.1334599961485366,black
singl,wife,0.13339573733188342,white
commissioned,company,0.13338593955441733,white
peace,world,0.13333580299911607,white
black-man,country,0.13330345301248156,black
home,boy,0.13327077778721205,white
white,human,0.1332490940976944,black
japan,kill,0.13324394466359335,black
washington,word,0.13316106078803108,black
army,time,0.1330910646435058,black
treat,town,0.1329898287598616,white
branch,enter,0.13294919928745674,white
school,chance,0.1329459538096011,white
war,south,0.1329036793304393,black
fair,leave,0.1326745325110065,white
win,negro,0.13265643052947515,black
trade,experi,0.13263992962865676,white
respect,play,0.13258820049256215,black
opportunity,allow,0.132513369677646,black
white,fair,0.13248363195656704,black
limit,physical,0.13237836560054153,white
home,walk,0.1323724380146357,black
pick,give,0.13233059331023608,white
negro,citizen,0.13231934954349064,black
white,feel,0.13230388450795194,black
pass,post,0.1321644013452693,white
discrimination,prejudice,0.1321319891919677,black
love,person,0.1321108742004264,black
war,deal,0.1320822245973578,white
commissioned,call,0.13203682909058914,white
town,transport,0.13200490242383323,black
combat,reason,0.13181201101424622,black
war,opportunity,0.13169460868179397,black
war,glad,0.13169460868179397,black
matter,woman,0.1316718016595965,black
north,bear,0.13166582518401315,black
sleep,hard,0.13165561018339222,white
corp,job,0.13156906667615934,white
air,job,0.13156906667615934,white
negro,discrimination,0.13152773938025966,black
marry,army,0.13144485388484417,white
freedom,nation,0.13141723020013238,black
private,call,0.13141096414847123,white
mechanic,class,0.13134421492944717,white
mechanic,handl,0.13134421492944717,white
mechanic,enter,0.13134421492944717,white
privilege,equal,0.13134421492944717,white
force,enter,0.13134421492944717,white
military-police,type,0.13134421492944717,white
handl,type,0.13134421492944717,white
marry,punish,0.1313234137688205,black
rate,unfair,0.13128926470157132,black
service,major,0.13127107150807274,white
die,love,0.13125185156392544,black
discrimination,educate,0.1312226242553413,black
company,lieutenant,0.13114622978228946,black
office,organ,0.1310790476717427,white
inspect,damn,0.13107839533260793,white
hope,unit,0.13104929895974668,black
service,transfer,0.1309259878364407,white
seat,set,0.13087441867252997,black
enemies,carry,0.13084978055438679,black
time,hard,0.13083450658063836,black
force,speech,0.13082649488857587,black
democracy,opportunity,0.13080977721496523,black
democracy,true,0.13080977721496523,black
bus,serviceclub,0.13070707527674222,black
plant,line,0.13068499528726327,white
school,opportunity,0.13068499528726327,white
child,marry,0.13060470169346172,black
military-police,tell,0.13059356313670886,black
ability,chance,0.1305622701881995,white
time,half,0.13045276651417304,white
commissioned,week,0.1304286228821927,white
beat,town,0.13040987399636586,black
north,child,0.13040535956336857,white
office,enlist,0.1303004144588336,black
citizen,true,0.13017904508824335,black
creed,prejudice,0.13015939749645264,black
democracy,blood,0.13015939749645264,black
night,tell,0.13015939749645264,black
station,soldier,0.1301071556961511,white
fight,discrimination,0.1300744532841219,black
combat,outfit,0.13001924480514354,white
civilian,job,0.13000876834641004,white
army,infantry,0.12995058942808543,white
physical,feel,0.1299417255576588,white
white,train,0.12973647007430625,black
nation,carry,0.1297103123163769,black
army,physical,0.1297059895204512,white
come,hear,0.12966510722168428,black
basic,feel,0.1296643903220896,white
camp,pass,0.12961897230256975,black
home,give,0.12956070158357239,white
fit,chance,0.12955608260762272,white
learn,soon,0.12955421291636496,black
nation,unit,0.12952145126872663,black
free,forget,0.12951655673932141,black
service,soldier,0.12945168336860555,black
train,job,0.12942835798593863,white
pass,close,0.129352627520238,white
express,teach,0.1292814985201623,black
life,people,0.12922790057306816,white
furlough,fellow,0.12921485669495814,white
white,live,0.12918826656005772,white
civilian,spend,0.1291786828271916,black
command,ability,0.1291304579886659,white
food,company,0.12910751837577006,white
field,poor,0.1290209783346866,white
north,boy,0.1289843346498262,black
morale,credit,0.12898211022160067,black
learn,protect,0.12893974888996154,black
experi,military-police,0.12886344834343202,white
jim,not,0.12870718638359865,black
white,live,0.12868389551537904,black
ride,bui,0.12867018943002734,black
defense,military,0.12867018943002734,black
army,enlist,0.1286266981694777,white
negro,ability,0.1286111154613913,black
company,commissioned,0.12861010483158603,black
people,world,0.128609343970362,black
educate,qualify,0.12852106490346804,white
spend,give,0.12852106490346804,white
treat,boy,0.12850635660230392,white
black-man,train,0.12849940140885036,black
troop,respect,0.12848680966897444,black
morale,troop,0.12846951769593867,black
combat,physical,0.12846426496142677,black
military-police,town,0.1284434142111818,black
color,troop,0.12836473430339213,black
creed,realize,0.12819810588503042,black
equal,break,0.12817780149125513,black
god,hate,0.1281727548864636,black
race,free,0.12813171705218263,black
negro,law,0.12807424787905808,black
realize,condition,0.1280605216199939,white
realize,deal,0.1280605216199939,white
limit,combat,0.12799241878418874,white
combat,send,0.12799241878418874,white
mechanic,private,0.12790791762754375,white
mechanic,type,0.12790791762754375,white
captain,night,0.1278793696746477,black
home,time,0.12783656553447156,black
choose,transfer,0.12781200236037402,black
god,live,0.1277393880282019,black
cloth,poor,0.1277327077890168,white
win,soldier,0.12769338202089472,black
infantry,noncom,0.12763274333935587,white
equal,creed,0.1276241299254866,black
equal,blood,0.1276241299254866,black
night,hard,0.1276241299254866,black
white,camp,0.127480298083013,black
hell,rotten,0.1274529454315271,black
north,color,0.12725559081894583,black
outfit,poor,0.12711276426812895,white
bus,theater,0.12709894137614566,black
ride,blood,0.12700155486875997,black
creed,nation,0.12700155486875997,black
war,soldier,0.12697120917277385,black
god,kill,0.12696861562359546,black
train,camp,0.12693986161149307,white
right,free,0.12693102300685097,black
negro,true,0.1267519677260066,black
camp,mile,0.12672120345738325,black
camp,poor,0.12669372283686586,black
war,live,0.12669235951258492,white
life,wrong,0.1266810903900906,white
chance,advance,0.12664772650097175,black
bus,military-police,0.12664278089180536,black
bear,find,0.1266346610021943,black
paper,hear,0.1265844814855128,black
furlough,time,0.12657374163701793,white
office,camp,0.12652310432100144,black
guard,duty,0.12651874604872293,white
race,people,0.12640338790058553,white
train,ship,0.12634139653446816,white
force,troop,0.12632885807509506,black
land,hate,0.1262746015824416,black
north,town,0.12619658319292973,black
opinion,glad,0.12612118224504146,black
black-man,town,0.1260442750480107,black
receive,due,0.12591965559098003,black
damn,hell,0.12589619981041536,black
limit,feel,0.12588305733365396,white
life,trade,0.12587162282297984,white
opportunity,educate,0.12581331515332356,black
corp,civilian,0.12579532168240815,white
fort,move,0.12568826939871908,black
win,pull,0.12566069837004443,black
life,job,0.12556744743367623,white
week,rest,0.12549720413128806,black
war,realize,0.12547094820258728,white
war,age,0.12547094820258728,white
week,camp,0.12544716707696518,white
capable,play,0.1254400071796924,black
fight,respect,0.12541288162034372,black
race,treat,0.12540001631392506,white
experi,type,0.12533389177478818,white
war,service,0.12522873175005958,white
train,send,0.1252214886953121,white
race,person,0.12520907560514002,white
service,morale,0.12519873151476324,white
ability,allow,0.12516588957817468,black
month,mechanic,0.12508471682966377,black
negro,life,0.12506104964543374,black
race,speech,0.12502836430313072,black
bed,private,0.12502352209957812,black
educate,lose,0.1249757388000147,white
morale,social,0.12497474413014786,black
camp,bad,0.12487934993516657,white
equal,advance,0.12482590098707397,black
hope,give,0.12477843527210927,white
give,call,0.12477843527210927,white
fight,victory,0.12476122126236927,black
black-man,military-police,0.12475023761487002,black
beat,hous,0.12468995736490844,black
mechanic,deal,0.12468890441988206,white
country,nation,0.12462567634932749,black
negro,prove,0.12457088845200082,black
country,protect,0.12442079890780489,black
money,govern,0.12440175746359092,white
south,law,0.12439920751814786,black
air,school,0.12435339274140836,black
wast,country,0.12434286950162046,white
day,home,0.12430961904836227,white
furlough,mile,0.12425159653436735,black
improve,recreate,0.12420420653521086,black
south,equal,0.124176554850027,black
close,cloth,0.12417591401693438,white
organ,command,0.12417591401693438,white
command,credit,0.12415539312665536,black
captain,hell,0.12415539312665536,black
divide,receive,0.12412670340013884,black
land,law,0.12412670340013884,black
white,ride,0.1241206085701872,black
office,outfit,0.12411820971900508,black
corp,protect,0.1240867565232599,black
trouble,heart,0.1240867565232599,black
defense,country,0.12404840305683253,white
receive,change,0.124026462958122,black
fight,blood,0.1239810985316907,black
enlist,run,0.12397037051859183,black
fight,educate,0.12391066101513484,white
stand,kill,0.12390604154295806,black
month,soldier,0.12388931095587025,black
race,white-man,0.12382147663900456,black
god,true,0.12380487431986378,black
fight,enemies,0.12379381545864244,black
defense,army,0.12378100996250521,black
furlough,give,0.12376573769355677,white
farm,draft,0.12376180303215674,black
fit,hold,0.12372543597894774,white
write,spend,0.12368341020333563,black
rotten,half,0.12357270595609061,black
war,god,0.1235523198736891,black
noncom,poor,0.12350376151247679,white
mechanic,line,0.12345368084353206,white
war,world,0.12334067346502038,white
die,separate,0.1231911623922572,black
right,democracy,0.12316786796474931,black
force,negro,0.12314082502277973,black
country,soldier,0.12313753572591034,black
white,stand,0.12313262153227711,black
white,break,0.12313262153227711,black
washington,presid,0.12311997474438197,black
race,hope,0.123033643652451,black
white,discrimination,0.12302301992924822,black
discrimination,opportunity,0.12301872685816734,black
job,physical,0.12298837129050691,white
south,human,0.1229261062945119,black
north,treat,0.12282463860104081,black
spend,half,0.12275308740546831,white
educate,satisfy,0.12274846879583225,white
service,enlist,0.1226746678242494,black
month,satisfy,0.12266040874898289,white
home,town,0.12261606930781725,white
army,combat,0.12259947831497908,white
office,rotten,0.1225882907349268,black
negro,hope,0.12258655341723733,black
win,country,0.12253824589928752,white
camp,close,0.1224698219308214,black
office,qualify,0.12243513614410206,black
fight,human,0.1224300703922809,black
fair,brake,0.12238382238590904,black
fair,bite,0.12238382238590904,black
service,combat,0.12236012920079253,white
police,shoot,0.12234705886624216,black
treat,fair,0.12226830346422797,white
fight,start,0.1222345423362239,black
learn,take,0.1220699314302637,white
time,duty,0.12203963176163025,white
people,home,0.12201902569879143,black
negro,soldier,0.12196918534511453,black
lynch,suppose,0.12195875323734122,black
carry,mind,0.12190277612486039,black
outfit,pretty,0.1218850491488846,white
negro,fair,0.12185849416692228,black
furlough,soldier,0.1218522502403852,white
war,nation,0.12178448372068093,white
life,freedom,0.12178264898533014,white
war,soldier,0.1217511543568022,white
german,build,0.12174561685950815,black
doctor,hurt,0.12174561685950815,black
pay,bui,0.12167402943126805,black
force,give,0.12166448242260028,white
combat,learn,0.1216544425850254,black
private,ability,0.1216388302727655,white
hous,come,0.12160446700717525,black
paper,protect,0.12160446700717525,black
return,protect,0.12160446700717525,black
equal,treat,0.12158412966184372,white
military-police,treat,0.12158412966184372,white
black-man,chance,0.12156653894144234,black
limit,send,0.12153006310735992,white
service,draft,0.12148272841803898,white
civilian,infantry,0.12140871434607797,white
white,trouble,0.12135572441623572,white
command,hard,0.12134310586637576,white
fall,die,0.12125314039167003,black
service,army,0.12123961957225676,black
week,field,0.12123177336218474,white
creed,free,0.12121652936100616,black
white-man,chance,0.12120496554911103,black
morale,practice,0.12119057283098356,black
air,volunteer,0.12118075842786392,black
discrimination,enlist,0.12115196239796096,black
civilian,wrong,0.12114281944172449,white
learn,chance,0.12111204485660368,white
marry,home,0.12110999753202496,black
experi,field,0.12102363685598722,white
south,race,0.12100236992174859,black
enemies,brother,0.12099893464886602,black
rate,pick,0.12093166673296889,white
oversea,enemies,0.12090962602926424,black
texas,sgt,0.12085308056872039,black
month,day,0.12084571375113758,black
north,people,0.12078511010803039,black
war,lot,0.12077838184609357,white
day,time,0.12077727089206207,black
creat,prejudice,0.12072815606171125,black
transport,soldier,0.12069857671757366,black
white,military-police,0.12067432256412075,black
war,world,0.12062969600446509,black
service,outfit,0.12062516847051959,black
civilian,army,0.1206096332193871,black
german,discrimination,0.12056681240150059,black
week,cloth,0.12055668625643429,white
morale,soldier,0.12041864489471378,black
sign,post,0.12038817037027034,black
white,hate,0.12027927949531353,black
god,free,0.12024298222484409,black
white-man,hate,0.1202249871356496,black
month,enter,0.12020671119732802,white
texas,stay,0.12019357997416065,black
basic,hard,0.1201516742847323,white
hard,type,0.1201516742847323,white
food,time,0.12014579457377018,white
country,age,0.12013962524188515,white
organ,time,0.12007129392631373,white
negro,separate,0.12006020570955432,black
pray,body,0.12002965577103634,black
proud,glad,0.12002965577103634,black
spirit,fellow,0.12002965577103634,black
month,rate,0.11999089947625285,black
black-man,hell,0.11995206957331159,black
race,discrimination,0.11988412430683183,black
unit,combat,0.11986104174067981,black
wait,fill,0.11981598251273504,black
improve,rule,0.11981598251273504,black
express,feel,0.11976900229168191,black
office,lot,0.11972416321514101,black
equal,realize,0.11961256472332073,black
day,tell,0.11955580536746621,black
duty,protect,0.11946822799196047,black
ability,physical,0.11943702641801188,white
service,chance,0.11941009760232965,white
south,condition,0.11936100082913013,black
break,pick,0.11934287725375135,black
effort,enter,0.11932586525211641,white
bus,line,0.11925120169928867,black
recreate,build,0.1192360124798034,black
force,receive,0.11923399168878113,black
serviceclub,theater,0.11922906294730327,black
qualify,rank,0.11922906294730327,black
combat,sea,0.11917627461485641,black
mean,treatment,0.11917627461485641,black
democracy,country,0.11917563566575541,black
time,mind,0.1191596614959767,white
beat,shoot,0.11911421250718024,black
line,field,0.1191088827615652,white
service,poor,0.11910480174072699,white
free,world,0.11908044281601751,black
marry,live,0.11901220425204845,white
outfit,boy,0.11900951374902805,white
camp,texas,0.1189623100716133,black
furlough,day,0.11895784183574305,black
south,bad,0.11893220846473486,black
texas,walk,0.11883593738669243,black
washington,lynch,0.1188003755428367,black
war,color,0.11873949260319398,black
month,camp,0.11866917672076527,black
plenti,fine,0.11864608881115837,black
morale,build,0.11862556086000213,black
black-man,equal,0.11858597013756175,black
negro,train,0.1185639268918602,black
win,lot,0.118562342506073,white
limit,pay,0.11856178427733886,white
polit,deal,0.11856178427733886,white
practice,post,0.11855645517013144,black
send,fellow,0.11839475324505967,white
bad,poor,0.11833561075591932,white
future,play,0.11832296008845138,black
hold,pick,0.11830214220297164,black
opinion,speak,0.11826362653717196,black
democracy,citizen,0.11822237836174919,black
color,creat,0.1181864417764215,black
home,live,0.11813638123114843,white
sit,die,0.11810365682283001,black
opportunity,true,0.11806495522570679,black
equal,country,0.11802538460742965,black
rate,ability,0.11801368355845071,white
pass,test,0.1179506266008473,white
office,train,0.11794570591845079,black
washington,send,0.11791629182280289,black
corp,infantry,0.11786249670450162,white
air,infantry,0.11786249670450162,white
bus,run,0.11782943735952388,white
creat,nation,0.11782755413900696,black
soldier,post,0.11778024134171412,black
fight,speech,0.11776704542187284,black
law,take,0.11773901649228635,black
lord,close,0.11762857176475694,black
pass,soldier,0.11761472991559488,white
money,trade,0.11758768395789969,white
bus,train,0.1175493707659247,black
white,respect,0.1175292894232516,black
organ,wast,0.11751693516900495,white
race,unit,0.11749347108356406,black
office,school,0.11748996962886679,black
south,govern,0.11745732247845699,black
office,outfit,0.11744228854255542,white
creat,blood,0.11741727374915048,black
law,rule,0.11741727374915048,black
soldier,lot,0.11741480178216622,white
nation,lynch,0.11740825562389492,black
country,proud,0.11738538310595384,black
black-man,break,0.11737701637609088,black
love,heart,0.1173568810128968,black
month,family,0.11730696992229779,black
force,live,0.11729967028497108,black
civilian,major,0.11729645558897148,white
negro,free,0.11728978872612272,black
ability,field,0.11725963184346949,white
white,morale,0.11716463605549708,black
soldier,treatment,0.1171589988140823,black
equal,privilege,0.11711863339523242,black
south,color,0.11709631144464348,white
school,educate,0.11709631144464348,white
war,limit,0.1170907500532427,white
take,treatment,0.11705503504441724,black
country,chance,0.11704594780533434,black
country,free,0.11703697979284092,black
nation,suppose,0.1170018102529373,black
school,combat,0.11699676083186182,white
east,texas,0.1169746709793819,black
war,time,0.11694274804219623,black
hate,prejudice,0.1169348128428929,black
white,unit,0.11693394882133797,black
war,feel,0.11682636981953186,white
soldier,pay,0.11680664969843829,white
color,understand,0.11679965143634075,black
south,town,0.11679259426360135,black
black-man,sit,0.11674178824422095,black
company,tell,0.1167321737268503,black
class,hold,0.11672855319831808,white
teach,school,0.11669218699647009,black
east,run,0.11669165466412791,black
fall,unit,0.11660381205751562,black
win,victory,0.11652410518975116,black
command,nice,0.11643994334296688,black
treatment,concern,0.11642570313634402,black
poor,recreate,0.11640804737932514,black
command,individu,0.11639116370114175,white
air,train,0.11638900750020797,black
defense,job,0.11638889871651024,white
job,trade,0.11638889871651024,white
morale,feel,0.11635682733120566,black
fall,heart,0.11630989921507644,black
color,soldier,0.11627666479158931,black
north,troop,0.11624200678376746,black
negro,lieutenant,0.11617680372497212,black
service,infantry,0.11616602910206072,white
white-man,treat,0.11615668956043745,black
service,town,0.11614819060722116,black
basic,effort,0.11612407575546703,white
live,world,0.11609901050610223,black
marry,private,0.11609163095989945,black
marry,sea,0.11609163095989945,black
marry,short,0.11609163095989945,black
battle,sea,0.11609163095989945,black
hous,forget,0.11609163095989945,black
forget,happy,0.11609163095989945,black
paper,pick,0.11609163095989945,black
happy,short,0.11609163095989945,black
die,blood,0.11603286374708494,black
allow,protect,0.11601295877390147,black
black-man,poor,0.11600959234561377,black
time,night,0.11597688719528956,black
town,poor,0.11592156582665923,black
chance,hard,0.11587650177372202,white
chance,job,0.11584140854606174,black
civilian,field,0.11583192646389857,white
mind,deal,0.11576498506173126,white
camp,train,0.11575751697532524,black
military-police,volunteer,0.11575721210162788,black
camp,day,0.11574823722392473,black
day,boy,0.11573692685878961,white
feel,serve,0.1157316357604681,black
people,treat,0.11570116317970848,white
german,fight,0.11569973524914362,black
army,farm,0.11569330872989726,black
fall,victory,0.11565276340779215,black
north,lieutenant,0.11564453565785954,black
family,oversea,0.11556796679620011,black
day,week,0.11548723744084838,black
white,civilian,0.1154865636692933,black
organ,physical,0.11548656256284975,white
people,break,0.11536578310978313,black
allow,privilege,0.11535666006180884,black
soldier,live,0.11531862532189162,white
money,take,0.11525561195071557,black
time,bad,0.11521809546204936,white
duty,enter,0.11520360736188477,white
spend,post,0.11519831641249813,white
army,limit,0.11518130338499748,white
break,civil,0.11513223459768553,black
black-man,bad,0.11512214277545842,black
fight,fellow,0.11511039736449898,white
effort,care,0.11502659084017801,white
white,dog,0.11499623502635589,black
equal,citizen,0.11484554883924993,black
color,stop,0.11483298064551065,black
week,run,0.11481738101826129,white
plant,farm,0.11481730724641279,black
bear,fellow,0.11481730724641279,black
service,send,0.11473515760907474,white
color,post,0.11466563243423739,black
democracy,protect,0.11455155844706288,black
black-man,prejudice,0.1145004444914478,black
war,lose,0.11445271285729898,black
boy,spirit,0.11445248033587341,black
fair,break,0.11442863299642417,black
commissioned,ability,0.11442333523749294,black
force,south,0.1144122774769172,black
week,hard,0.11440242921600141,white
night,rest,0.11439962272034772,black
month,fellow,0.11433726723821792,white
people,democracy,0.11433162704973718,black
discrimination,segregation,0.11429522766690832,black
military-police,company,0.11426489162479636,white
train,troop,0.1142415489965816,black
office,talk,0.11423408282720066,black
south,hard,0.11422318101262231,black
corp,fit,0.1141751971425818,white
sit,front,0.11412180402885191,black
plant,outfit,0.11410170530865058,white
equal,serve,0.11410159146512593,black
fight,nation,0.11409853403091734,black
fight,front,0.11408874140383281,black
camp,boy,0.11406512427329103,black
month,train,0.11402566677052213,black
bus,treat,0.11400747107861513,black
war,plant,0.1140044422475275,white
month,time,0.11395346370364176,black
care,take,0.11394466759492634,black
god,trust,0.11391386308753212,black
woman,improve,0.11387852976599204,black
life,home,0.11387047196079735,black
close,bring,0.11386285912877409,black
train,month,0.11383553311923585,white
negro,democracy,0.11381483475932606,black
day,duty,0.11377288175605443,white
field,duty,0.11375666450530013,black
take,suppose,0.11371794948860661,black
home,send,0.11369870130280925,white
service,office,0.113682748707444,white
equal,fight,0.11365539884213988,black
furlough,train,0.11365053631776129,black
train,handl,0.11361581545601471,white
money,hope,0.11359790803356978,white
transfer,combat,0.11359790803356978,white
basic,station,0.11357658095346083,white
private,noncom,0.11357658095346083,white
private,not,0.11357658095346083,white
marry,health,0.11356876986977357,black
battle,rank,0.11356876986977357,black
rank,division,0.11356876986977357,black
share,return,0.11356876986977357,black
black-man,hard,0.11353024490809782,black
proud,spend,0.11346599346599347,black
lord,hous,0.11345023003260885,black
mechanic,sgt,0.1134164407954826,black
hospital,sgt,0.1134164407954826,black
treat,outfit,0.1133957008636359,white
month,send,0.11338952754257484,white
citizen,land,0.11329505391091592,black
live,civil,0.1132893635922359,black
battle,suppose,0.11317932897102516,black
enlist,improve,0.11314528821509709,black
people,separate,0.11314403869238421,white
black-man,respect,0.11313286430390701,black
limit,effort,0.11312316698738874,white
ability,choose,0.1131144865910826,black
ability,leader,0.1131144865910826,black
field,serve,0.11310721433242411,white
fight,equal,0.11304081501068106,white
uniform,seat,0.11297254812527129,black
money,free,0.11293276372409532,black
defense,farm,0.11292350397589763,white
polit,mind,0.11289807091931581,white
color,lieutenant,0.11289384969874715,black
fight,suppose,0.11287059233912791,black
army,draft,0.11284689350657755,white
child,age,0.11282209880789568,black
office,handl,0.11281875030259994,white
office,cooperate,0.11281875030259994,white
south,station,0.11280984233880612,black
civilian,people,0.1127631001260766,white
office,ability,0.1127384662806405,white
duty,outfit,0.11271904503437113,black
democracy,call,0.11265829700260259,black
commissioned,private,0.1126290803426339,black
wast,govern,0.11255218786672451,white
race,civil,0.11253437416368063,black
military-police,police,0.11251526237012933,black
wrong,fellow,0.11246538502714183,white
take,fellow,0.11246538502714183,white
color,poor,0.11246046784366437,black
war,love,0.11242541074144113,black
army,fair,0.11237642485988056,black
hold,run,0.11237109444162627,white
hold,leave,0.11237109444162627,white
white,god,0.11236517344727277,black
service,farm,0.11236241263022392,black
home,hard,0.11229096014558936,black
bus,bad,0.11225169201698498,black
fair,noncom,0.11224376182508186,white
station,time,0.1122340324823713,white
walk,tell,0.1122279025570044,black
south,chance,0.11215780876900057,black
negro,black,0.11212960100224076,black
child,home,0.1120532217723767,white
south,poor,0.1120390897415265,black
god,day,0.11199314046939948,black
future,due,0.11198576825517595,black
money,spend,0.1119660012665061,black
class,serve,0.11192336606547053,white
ability,morale,0.1118879978487963,white
wear,democracy,0.11174391780590084,black
democracy,return,0.11174391780590084,black
bus,post,0.11174223739016824,black
bus,post-exchange,0.11166479971354418,black
age,army,0.11165624320521554,black
color,live,0.11164943218491459,black
physical,infantry,0.11164495124821541,white
physical,tell,0.11164495124821541,white
corp,enlist,0.11164258894306149,white
train,station,0.11163666184327878,white
person,peace,0.1116196494793364,black
wife,money,0.11160652328715123,black
train,person,0.1115907898981951,white
negro,share,0.11156331577785991,black
race,die,0.11153603893658733,black
branch,ability,0.11147302260017443,black
line,effort,0.11144320343616641,white
bad,half,0.11144320343616641,white
civilian,return,0.11143099476705152,black
month,chance,0.11143022679770981,white
white,kill,0.11135695276734835,black
life,give,0.11135557983015043,black
receive,treatment,0.1113494877478446,black
uniform,die,0.1113158066682414,black
negro,hate,0.1113063274479206,black
south,train,0.11130259459700749,black
job,feel,0.1113025460880519,black
creed,world,0.11126103673505881,black
break,black,0.11126103673505881,black
military,matter,0.11123225208445052,black
infantry,walk,0.11123225208445052,black
head,matter,0.11123225208445052,black
outfit,half,0.11121108847853478,white
world,yr,0.11120500726488175,white
human,washington,0.1112019387017551,black
human,oversea,0.1112019387017551,black
basic,pretty,0.11115985803400616,white
limit,time,0.11108873037228865,white
furlough,sundai,0.11106814927068909,black
close,comment,0.1110075515565038,black
sleep,leave,0.11099725239986956,black
fall,real,0.11098781071923565,black
health,short,0.11098781071923565,black
organ,talk,0.11098631281997703,white
care,bad,0.11098093195631592,black
week,post,0.11093988026560551,white
fight,person,0.11093664205550689,white
alike,soon,0.11093614380691627,black
east,commissioned,0.11090097317216512,black
rank,troop,0.11090058066157354,black
send,mile,0.11090056643420079,black
enlist,cooperate,0.11089901819597803,white
negro,class,0.11086457834889522,white
negro,trouble,0.11086457834889522,white
matter,unfair,0.11078295233570101,black
outfit,yr,0.11078003856581926,white
army,build,0.11076839959209188,black
complete,hold,0.11076704495939323,black
front,enlist,0.11076704495939323,black
bus,soldier,0.11075628843481039,black
defense,draft,0.11075402097940634,white
pass,town,0.11072815106699734,white
fight,protect,0.11072590227128913,black
time,wait,0.11067718660428877,white
rate,soldier,0.11063017082849913,white
white,sit,0.11056735401276886,black
army,draft,0.11055828712020618,black
experi,yr,0.11042665687663475,white
equal,enjoy,0.110410923725277,black
black-man,police,0.11040887873100977,black
country,experi,0.11035011930397566,white
discrimination,stop,0.11034538399858028,black
people,realize,0.11033868963469812,black
reason,heart,0.1103339927758798,black
station,close,0.11032856552053882,black
chance,give,0.11031153763038185,white
live,unit,0.11030924697309695,black
pay,half,0.1103021917653083,white
night,stay,0.11024719624751843,black
unit,protect,0.11024465337205358,black
wrong,test,0.11019607843137255,white
test,take,0.11019607843137255,white
social,power,0.1101358795637017,black
sgt,foot,0.1101358795637017,black
true,build,0.11012961512910997,black
hope,god,0.11007681866634497,black
town,night,0.11007556171086325,black
branch,pick,0.11007486477850167,white
hate,person,0.11004785454148988,black
south,stop,0.11002908309022878,black
call,act,0.10998212842179267,black
camp,treatment,0.10995611680091906,black
white,democracy,0.1099281978285503,black
color,unit,0.10991178587357975,black
civilian,military-police,0.1099072034646537,white
victory,unit,0.10988660608310721,black
transfer,feel,0.10986570864884738,white
run,pretty,0.10984983608960906,white
furlough,time,0.10982936902090769,black
take,condition,0.10978357507866768,black
guard,field,0.1097432947829697,white
sgt,field,0.1097432947829697,white
town,home,0.1097182405659945,black
black-man,dog,0.10970569732801778,black
race,class,0.109693811328171,white
day,stop,0.10962488334062089,black
ride,call,0.10961603982493041,black
uniform,expect,0.10961460803519853,black
child,past,0.10960529058565027,black
pull,hand,0.10960529058565027,black
foot,help,0.10960529058565027,black
pass,company,0.10960494218049124,white
fight,stop,0.10952909135665463,black
hospital,hear,0.10952785965792881,black
credit,wrong,0.10952785965792881,black
train,home,0.10952479110344142,white
transport,improve,0.10949665921305551,black
white,realize,0.10944640210524506,black
field,hard,0.1094457608589896,white
train,oversea,0.10942228525081353,black
train,organ,0.10941140227618594,white
fight,combat,0.10941100865301785,white
win,live,0.10940958028341785,white
food,civilian,0.10940441942156004,white
protect,build,0.10938505544951165,black
negro,realize,0.10937336113045804,black
white,start,0.10933756771441659,black
train,duty,0.1092714951525017,white
educate,boy,0.10921073194450663,white
camp,night,0.10920673459835589,black
white,bad,0.1091830003658261,black
start,front,0.10917807793153278,black
start,law,0.10917807793153278,black
receive,happen,0.10917807793153278,black
human,blood,0.10917012423794692,black
human,law,0.10917012423794692,black
soldier,fair,0.10911683722108192,white
color,god,0.1090757429268654,black
white,boy,0.10902440441766198,black
return,comment,0.10900245729804732,black
negro,job,0.10893239017395313,black
time,lot,0.10889661721291903,white
pass,drill,0.10887088776163197,white
private,serve,0.1088626458740314,white
close,combat,0.10881518365352089,white
job,type,0.10876826914782801,white
mechanic,army,0.10870108042209922,white
army,force,0.10870108042209922,white
money,govern,0.10867937605971549,black
singl,family,0.10867474790992764,white
nation,trade,0.10867474790992764,white
paper,govern,0.10867143084409542,black
plant,spend,0.108643397695503,black
plant,private,0.108643397695503,black
rate,private,0.108643397695503,black
forget,carry,0.108643397695503,black
fight,citizen,0.10864239343318788,black
negro,treat,0.10864031852653692,white
commissioned,time,0.10863267793142027,white
fall,lord,0.10862900601355885,black
lord,word,0.10862900601355885,black
democracy,expect,0.10861032297030543,black
freedom,discrimination,0.1086074469563653,black
company,private,0.1086013327684974,black
bus,front,0.10860061686774598,black
person,hold,0.10857165066584716,white
god,nation,0.1085574566333795,black
corp,life,0.10855623875797568,white
sleep,serviceclub,0.10855157913981442,black
future,condition,0.10854840634516387,black
school,job,0.10850810874175718,white
wife,live,0.108497115114066,white
war,nation,0.10848545782748147,black
wife,month,0.1084755481205501,black
improve,talk,0.10846773322710798,black
civilian,break,0.10842060080796702,black
fight,chance,0.10837578192183245,black
black-man,realize,0.10835615579518489,black
stand,catch,0.10834724375571536,black
white,segregation,0.10833873093014611,black
send,govern,0.10833309592583819,black
war,discrimination,0.10829614269267941,black
food,office,0.10826763537980663,white
ability,troop,0.10819324435697746,black
infantry,leave,0.1081831845785977,black
corp,train,0.10815175724972897,black
race,democracy,0.10814621938976653,black
country,blood,0.10814597491727566,black
eat,cloth,0.10814363705867681,white
job,soldier,0.10813959714612263,white
negro,stop,0.10811891740399364,black
south,lieutenant,0.1080980100899456,black
people,class,0.10807089264764917,white
people,realize,0.10807089264764917,white
age,physical,0.10802091044729235,black
fellow,pretty,0.10795507659440506,black
unit,start,0.10792331629594032,black
guard,call,0.10791718097433206,white
ship,call,0.10791718097433206,white
home,return,0.10788892674068135,black
sit,bui,0.107888613128141,black
uniform,fight,0.10788557968759836,black
walk,hurt,0.10787244738392003,black
wait,inspect,0.10785547776762452,white
pay,not,0.10784418291701393,white
fight,mind,0.10782176139181071,black
white-man,prove,0.10778611376963562,black
family,furlough,0.10777183232196696,white
army,fine,0.10774910715051955,black
service,qualify,0.10774476378441525,white
life,mind,0.10774194602064238,white
south,bear,0.10772078874286374,black
people,kill,0.10766126574593551,black
unit,test,0.1076431534685363,white
white,white-man,0.10763206731142606,white
camp,spend,0.1076186825459065,black
treat,feel,0.10761812466763677,black
color,chance,0.10760590231629974,black
color,country,0.10759904533620347,black
food,pretty,0.10759117910330424,white
seat,poor,0.10757543621432265,black
lose,draft,0.10756721445175141,white
draft,trouble,0.10756721445175141,white
service,poor,0.10756253322440344,black
fall,live,0.10756167163301984,black
country,ship,0.10755530289532651,white
white,differ,0.10753027347846734,black
person,wrong,0.10747738839238082,black
defense,service,0.10746276080070112,black
guard,cloth,0.10745162931671796,white
fight,kill,0.10745155528938297,black
home,mind,0.10740035773496565,black
army,run,0.107353254573611,white
army,care,0.107353254573611,white
field,duty,0.10734335659691113,white
time,mile,0.10733835637783136,black
people,town,0.10732943042556703,white
feel,hold,0.10732079296903173,black
uniform,protect,0.10730234542120211,black
race,proud,0.10727317579103815,black
office,fair,0.10724550061418064,black
fight,soldier,0.10722923640964813,black
commissioned,promotion,0.10722073075296387,black
spend,lot,0.10720764954642382,white
north,police,0.10719181599495625,black
texas,move,0.1070979990065983,black
stand,govern,0.10709515912659984,black
morale,break,0.10709515912659984,black
fight,battle,0.1070884253921735,black
bus,pass,0.10707532368611453,black
war,farm,0.10707040392312704,white
citizen,bite,0.10705199252007248,black
country,mind,0.10704518956615149,black
white,person,0.10701016581350883,black
negro,morale,0.10700276608069906,black
office,job,0.10695042235914862,white
chance,live,0.1069480459008559,black
army,bad,0.10692233116935847,black
age,family,0.1068180374839276,black
army,fellow,0.10678145889040423,white
paper,build,0.10677122917775295,black
happy,build,0.10677122917775295,black
black-man,low,0.1067687658961983,black
freedom,land,0.10670693940038883,black
system,wast,0.10669906605408463,white
spend,wast,0.10669906605408463,white
commissioned,deal,0.10668068531154055,black
basic,command,0.10667500265757353,white
race,privilege,0.10667500265757353,white
race,happen,0.10666813796377932,black
people,not,0.10664734799929589,black
fort,transfer,0.10659928638481764,black
air,combat,0.10658757161891051,white
draft,combat,0.10658757161891051,white
civilian,force,0.10656686729385155,white
soldier,mind,0.10653378911761983,black
stand,uniform,0.10651681699490063,black
treat,half,0.10651378463153026,white
eat,wait,0.10649608821080589,black
people,start,0.10642565264690332,black
creed,forget,0.10642079043151856,black
negro,privilege,0.10639783583310188,black
force,die,0.10639158476197402,black
infantry,capable,0.10636896529012714,black
mechanic,captain,0.10636896529012714,black
promotion,credit,0.10636896529012714,black
south,pretty,0.10636770785272258,white
corp,medic,0.10635502010326797,black
sign,body,0.10631034033780076,black
win,peace,0.10629160985840136,white
bus,boy,0.10629160985840136,white
sign,person,0.10627881940243021,black
west,rank,0.10624664725272087,black
carry,health,0.10624664725272087,black
carry,concern,0.10624664725272087,black
war,family,0.10624350952215413,black
pick,reason,0.10623463889441738,white
wast,physical,0.10622200503325932,white
south,transport,0.10621786698714489,black
command,post,0.10620055841326509,black
south,dog,0.10618529479682604,black
govern,live,0.1061638720947077,white
time,half,0.10614631150679756,black
fight,free,0.10607979191928842,black
limit,poor,0.10603986734745532,white
condition,poor,0.10603986734745532,white
office,unfair,0.10602402925142106,black
month,reason,0.10601744312668533,white
limit,serve,0.10599284979701756,white
damn,hell,0.10599284979701756,white
race,fight,0.10598063261736493,white
morale,spirit,0.10598046153590557,black
white,die,0.10596227220978734,black
time,damn,0.105950486545871,white
opinion,true,0.10595035617237511,black
civilian,shoot,0.10592513362606738,black
opportunity,realize,0.10588127171219024,black
true,brother,0.10588127171219024,black
school,unfair,0.10582162148897556,black
service,satisfy,0.10579173813130857,white
home,kill,0.10576585691120896,black
war,feel,0.1057592926424325,black
job,bui,0.10573357834350337,black
human,world,0.10571177044130085,black
singl,trouble,0.10570382311345679,white
singl,realize,0.10570382311345679,white
nation,realize,0.10570382311345679,white
experi,serve,0.10570271888916793,white
command,troop,0.10568220617277747,black
war,time,0.10565207364856666,white
rate,hard,0.10564264582073686,white
stand,victory,0.10560513024975153,black
soldier,not,0.10557862457782892,white
japan,family,0.10555556615043868,black
deal,rotten,0.10551624502200278,black
expect,due,0.10551624502200278,black
crow,not,0.10550116269580714,black
hate,body,0.10550103898959193,black
morale,help,0.10548046881514292,black
white,understand,0.10543625244193718,black
person,major,0.10542900710230246,white
country,person,0.10538375856376522,white
camp,week,0.10534418825452024,black
enemies,protect,0.1053172022207649,black
enemies,heart,0.1053172022207649,black
die,unit,0.10529611980045048,black
recreate,enjoy,0.1052480639446015,black
cook,noncom,0.10522550757964416,white
bus,hold,0.10522550757964416,white
week,home,0.10521699386786156,white
month,plenti,0.1052066407247785,black
office,rate,0.10516420905574991,black
fight,white-man,0.10515673711092556,white
race,enjoy,0.10515203018761148,black
north,hard,0.10514487463856312,black
office,company,0.10513378968121195,white
mind,learn,0.10512512113341833,black
unit,feel,0.10509968082411852,black
army,country,0.10509557938940639,white
commissioned,complete,0.10509494941020804,black
basic,morale,0.10507159151264388,white
furlough,boy,0.10506669010844386,black
race,god,0.10501259851706275,black
month,half,0.10497508871650596,black
south,beat,0.10496306047561604,black
school,organ,0.10487070718837152,white
call,leave,0.10485617312915108,black
branch,lot,0.1048458609268452,black
race,separate,0.10482878403457363,black
system,physical,0.10479967420164948,white
qualify,physical,0.10479967420164948,white
corp,infantry,0.1047892353273338,black
air,satisfy,0.10475133648246268,white
plant,yr,0.10475053811532478,white
spend,inspect,0.10475053811532478,white
night,inspect,0.10475053811532478,white
condition,feel,0.10474729759634001,white
combat,troop,0.10474091932673647,black
front,segregation,0.1047244983217772,black
camp,hard,0.10470281287251078,black
life,unit,0.10469900777866381,white
civilian,camp,0.10469739180073898,black
air,civilian,0.10469459092929333,white
people,white-man,0.10466297668602327,black
people,call,0.10464451070347557,black
uniform,human,0.10464042716762866,black
damn,medic,0.10464042716762866,black
service,troop,0.10461414478292935,black
air,mechanic,0.1045881132320938,white
black-man,hate,0.10457207734341151,black
rate,polit,0.10455282584304626,white
war,home,0.10451370162436453,white
town,tell,0.10447170341079391,white
tell,leave,0.10447170341079391,white
sleep,hope,0.10444811052984798,white
country,treat,0.10442199953643042,black
hell,plenti,0.10437979984600737,black
civilian,educate,0.10430639123422154,black
school,heart,0.10429600991677382,black
camp,home,0.10427413043148229,black
bed,sundai,0.10427370257983924,black
white,post,0.1042343244498723,black
field,carry,0.10423315005472199,black
fight,black,0.10419638427597491,black
organ,individu,0.10418875912049803,white
free,matter,0.10415845845355534,black
army,deal,0.10414704637082989,white
opportunity,nation,0.10414270218338442,black
god,black,0.10413010068793764,black
plant,home,0.10412187866144451,white
negro,educate,0.10408106173860164,black
north,home,0.10407409131480365,white
home,half,0.10407409131480365,white
practice,word,0.10406127567696999,black
black,word,0.10406127567696999,black
train,combat,0.10405343986100135,white
job,world,0.10404476399279936,white
morale,govern,0.10400475469174986,black
guard,world,0.10400315908978726,white
fall,nation,0.10394730282597082,black
service,age,0.10394696903898416,white
white,learn,0.10391815384927723,black
start,world,0.1038949652518987,black
rate,call,0.10388410587069923,white
service,feel,0.10387449616427505,white
unit,learn,0.10384747544057525,black
army,feel,0.10384211430817868,black
country,true,0.10375440966034609,black
hope,change,0.10373911954785349,black
white,seat,0.10373639609357825,black
month,duty,0.1037205144601705,white
job,pay,0.10369964963793399,black
week,tell,0.10365911209217782,black
branch,draft,0.10362930485142839,white
east,mile,0.1035941906306826,black
wast,handl,0.10359165321881281,white
fight,hell,0.10355759402667887,black
child,school,0.10355319748007251,black
transport,post,0.10354223718208592,black
democracy,trust,0.10353064026751947,black
tell,sgt,0.10353064026751947,black
hope,future,0.10351276794892564,black
train,send,0.10350282117242066,black
country,world,0.10347446898843551,black
life,chance,0.103409212527219,white
army,yr,0.10338447189078889,white
soldier,treat,0.10337295965037471,white
hard,care,0.1033661271394094,white
practice,suppose,0.10333474337672843,black
blood,suppose,0.10333474337672843,black
air,army,0.10332548932070723,white
arm,draft,0.10330362662111357,black
life,chance,0.10327676487029136,black
speak,idea,0.10327529366165004,black
right,lynch,0.10326671694386531,black
german,sign,0.10325877243245599,black
military,foot,0.10325877243245599,black
infantry,foot,0.10325877243245599,black
land,washington,0.10325877243245599,black
oversea,leader,0.10325877243245599,black
past,bui,0.10325877243245599,black
duty,mind,0.1032237600917149,white
day,give,0.10321980944867022,white
wife,care,0.10313345991765821,black
mile,nice,0.10312928983058353,black
punish,wrong,0.10312928983058353,black
limit,outfit,0.10311250025114876,white
black-man,transport,0.10310340457464602,black
opportunity,social,0.10306420395185924,black
home,bad,0.10301844062005945,white
enlist,field,0.1030162458698997,white
people,human,0.10299250522574946,black
camp,recreate,0.10298578349702471,black
system,field,0.10297755778322251,white
trade,reason,0.10297755778322251,white
cook,company,0.10293108374778516,white
bus,pretty,0.10293108374778516,white
nation,private,0.10292959623094318,white
jim,white,0.10291787854824656,black
black-man,feel,0.10291596856476218,black
land,love,0.10289880610328815,black
office,treat,0.10288302447367385,black
office,pick,0.10287837718854409,white
win,hope,0.10286174739231553,white
race,respect,0.10284199556465287,black
people,life,0.10284055838829873,black
pay,hous,0.10280779578164721,black
happy,realize,0.10277725793556029,black
month,sgt,0.10276936794710169,white
negro,nation,0.10275557985855145,black
north,separate,0.1027506720962709,white
day,mind,0.10271389547037342,black
job,advance,0.10270762607653401,black
white-man,citizen,0.10270043520594382,black
life,feel,0.10268330630610002,black
discrimination,forget,0.10264622764377163,black
equal,opportunity,0.10264280583634364,black
equal,true,0.10264280583634364,black
corp,office,0.10261674531040595,black
train,spend,0.10260868027738829,black
privilege,live,0.10258179167894309,white
ride,black-man,0.10257601542943971,black
month,private,0.10257103574006128,black
station,mile,0.10252759638655742,black
bed,pass,0.10250883058798095,black
theater,recreate,0.10247395037122502,black
hold,condition,0.10242918108185466,black
physical,condition,0.1023288111799051,black
physical,morale,0.10232146434293829,white
pray,presid,0.10230017837843912,black
soldier,give,0.10229927979093695,black
live,blood,0.1022251470156003,black
live,black,0.1022251470156003,black
defense,feel,0.10221881831332327,black
stop,world,0.10211678055791071,black
condition,morale,0.1021110883507467,white
morale,deal,0.1021110883507467,white
civilian,country,0.10209618082774846,black
life,democracy,0.10205200090904315,black
war,realize,0.10204604626088011,black
allow,troop,0.10202076272029217,black
soldier,duty,0.10200895247902023,black
opportunity,bring,0.1020052863350167,black
army,age,0.10198093352407916,white
promotion,prove,0.10190489888602901,black
treat,eat,0.10189740526041371,black
uniform,respect,0.10187704641926447,black
soldier,lot,0.1018536181029556,black
rate,mind,0.10184257672059924,white
creed,bear,0.10182853067430674,black
practice,improve,0.10182853067430674,black
law,carry,0.10182853067430674,black
black,bear,0.10182853067430674,black
force,matter,0.10181888218891996,black
limit,draft,0.1017941377225232,white
child,boy,0.1017898967026538,white
expect,recreate,0.10176624448521299,black
time,cloth,0.10175095461363766,white
home,health,0.1017392390701489,black
learn,physical,0.10172908893304383,white
physical,handl,0.10172908893304383,white
physical,age,0.10172908893304383,white
physical,enter,0.10172908893304383,white
fight,unit,0.10172390659687228,black
paper,post,0.10166784970772913,black
fight,army,0.1016645214685146,white
eat,food,0.10165862417237119,black
white-man,black,0.10165622720725805,black
sundai,rest,0.10163856729863407,black
texas,satisfy,0.10163856729863407,black
child,mother,0.10162344590668675,black
white,enemies,0.1016161054242851,black
bus,pay,0.1016058942522271,black
race,world,0.10159831269411373,black
duty,leave,0.10158975708927138,white
chance,feel,0.10158585856880499,black
corp,social,0.10157795801641142,black
enlist,social,0.10157795801641142,black
hold,civil,0.10157795801641142,black
treat,pretty,0.1015753514590308,white
black-man,uniform,0.10155557335664517,black
negro,human,0.10154704912117622,black
unit,separate,0.10154681778645437,black
black-man,privilege,0.10153300270227131,black
company,transfer,0.10151482041088274,black
civilian,field,0.10151482041088274,black
commissioned,school,0.10144905959686838,black
sick,health,0.10144760827003968,black
win,god,0.10141831700885325,black
ability,person,0.10136957727181066,white
south,civilian,0.1013258803468866,black
opinion,chance,0.10130144237679858,black
corp,experi,0.10127762936122464,white
low,send,0.10124522078254278,black
opportunity,combat,0.10122737250423278,white
qualify,combat,0.10122737250423278,white
trade,hope,0.10122737250423278,white
color,hell,0.10120171309171984,black
race,educate,0.1011816678870927,white
home,country,0.10118157955742048,white
poor,soldier,0.10116735516959559,black
night,cloth,0.10116354856752795,white
people,equal,0.1011581979594795,black
life,realize,0.10113674114404846,white
train,fit,0.1011347448006541,white
pick,town,0.10107667327156307,white
south,kill,0.10105028190131865,black
negro,day,0.10104509777323477,black
morale,oversea,0.10101922399689982,black
washington,govern,0.10101922399689982,black
fight,god,0.10101459272255128,black
south,speak,0.10099671152262377,black
ability,woman,0.10099140533863243,black
south,time,0.10096504653510227,black
negro,educate,0.10094091941943803,white
satisfy,boy,0.10087794011270865,white
right,live,0.10083911614766816,black
start,lynch,0.10083817617821912,black
fit,ship,0.1008192401487304,white
sgt,drill,0.1008192401487304,white
tell,drill,0.1008192401487304,white
tell,major,0.1008192401487304,white
jim,equal,0.10081105188550478,black
qualify,educate,0.1007787554399491,black
close,lot,0.10076487745165087,white
serve,wrong,0.10074928600939266,white
country,capable,0.1007195007851121,black
democracy,respect,0.10063200067338693,black
love,start,0.10062911679094756,black
love,happen,0.10062911679094756,black
matter,speak,0.10059818351984258,black
right,hope,0.10057496400962095,black
enlist,idea,0.10056593338514604,white
commissioned,inspect,0.10056141144186564,white
service,seat,0.10052918334218007,black
lot,type,0.10051116925555488,white
outfit,call,0.10050459656714936,white
bus,poor,0.10050068445128864,white
transport,troop,0.10049378885124569,black
north,pretty,0.1004918609323603,white
equal,feel,0.10043300105452467,black
age,home,0.10042524754385246,black
discrimination,school,0.10041531186592026,black
force,unit,0.10041374685609392,black
day,test,0.10038710262777657,white
forget,realize,0.10038466800079038,black
realize,peace,0.10038466800079038,black
capable,future,0.10037786629952784,black
hospital,punish,0.10037786629952784,black
close,improve,0.10037328659275094,black
time,call,0.10035751181314338,white
wife,private,0.10031136556926169,black
discrimination,rank,0.10025021656828546,black
pull,civil,0.10022313417697817,black
civilian,wast,0.1001471714483135,white
divide,happen,0.10014404134425883,black
branch,teach,0.10014404134425883,black
branch,choose,0.10014404134425883,black
social,serve,0.10014404134425883,black
give,foot,0.10014404134425883,black
spend,country,0.10014269331197495,white
country,enemies,0.10014244339619877,black
treat,kill,0.10008420509086542,black
negro,combat,0.10004230564590513,black
train,take,0.10002614680546751,white
mother,mind,0.10002170674959993,black
freedom,segregation,0.10001672634730965,black
low,expect,0.10000631587214653,black
